title,url,date,title_content,content,collection_time
ＪＲ九州高速船の浸水?し「刑事罰?象の可能性高い」…第三者委が報告書「幹部の誤った考えは非常識」,https://www.yomiuri.co.jp/local/kyushu/news/20241122-OYTNT50017/,2024/11/22 12:43,ＪＲ九州高速船の浸水?し「刑事罰?象の可能性高い」…第三者委が報告書「幹部の誤った考えは非常識」,"ＪＲ九州の完全子?社「ＪＲ九州高速船」（福岡市）が、博多港―韓??釜山港を結ぶ旅客船「クイ?ンビ?トル」（定員５０２人）の浸水を?して３か月以上運航を?けていた問題で、ＪＲ九州は２１日、同社設置の第三者委員?（委員長?尾崎恒康弁護士）がまとめた調査報告書を公表した。浸水を?すために船の警報センサ?を移動させ、?査を受けずに運航したことなどが船舶安全法に抵?し、ＪＲ九州高速船や同社幹部が刑事罰の?象になる可能性が高いとした。
報告書によると、ＪＲ九州高速船は２月に浸水を把握したが、?時の社長ら幹部は「この程度の浸水ならば問題はない」と判?し、５月３０日まで運航した。日?の浸水量を非公式の管理簿に記?し、浸水量が?えると、感知する警報センサ?を上部にずらした。
報告書は、センサ?の移動は、臨時?査を受けるべき航海用具の改造に該?する可能性が高いと指摘。移動させたにもかかわらず、?査を受けずに航行を??した行?が、船舶安全法違反で刑事罰の?象となる可能性が高いとしている。
また、ＪＲ九州高速船幹部による２月の浸水判明時の
?蔽
の決?について、代替船もなく韓?の?正月で繁忙期だったとし、船首以外は水密が保持されていると考え、「（予約キャンセルを回避したいという）?業上や社?の事情を優先した」と指摘。約１週間後に船首の損傷の疑いを把握しても、「運航を?けたいとの思いから、（ダイバ?によるチェックなど）本格的な確認作業を行わなかった」とした。
問題の原因は、?時の社長が船舶運航の知見や??が乏しく、「船員??が豊富な運航管理者らに遠慮して（運航??を）容認した」と分析。事態を引き起こした責任は「ＪＲ九州高速船の幹部及び船長にある」と結論付けた。「幹部の誤った考えは、海運の世界では通用しない非常識なものと言わざるを得ない」と批判した。
ＪＲ九州高速船は昨年も?査を受けずに航行して行政?分や刑事?分を受けており、昨年７月に?に提出した改善報告書では、何らかの異常が?生した際には?座に報告する「まずは第一報」のル?ルを導入していたが約半年で破られた。",2024/11/23 3:17
韓?船救助　?史たどる,https://www.yomiuri.co.jp/local/tottori/news/20241121-OYTNT50099/,2024/11/22 5:00,韓?船救助　?史たどる,"

江?、大正、昭和の３時代に韓?船が琴浦町の赤?沖で遭難し、住民らが?組員の救助に?たるなどした?史を紹介する資料展が２０日、町役場本??で始まった。無料。２７日まで。
１９１８年に赤?沖で座礁した貨物船「南昌丸」の韓?人?組員のうち、ただ一人亡くなった李?元さんの慰?祭を行っている?行委員?副委員長の上嶋勝己さん（７１）が企?。??や?時の新聞記事など約６０点が?ぶ。
６３年に漁船「成進?」が赤?沖で座礁した事故については、上嶋さんが?時の?組員から提供を受けたモノクロ??を展示。成進?を地元企業のクレ?ン船が引航する?子や、船の修理が終わって??する?組員が土産を受け取り、万?をする姿などが?っている。
李さんの慰?祭の??や、１８１９年に赤?沖に漂着した商船の?組員を鳥取藩が手厚くもてなしたことを?える資料も展示している。
上嶋さんは「先人の功績を多くの人に知ってもらい、日韓の民間交流をさらに深めたい」と話している。",2024/11/23 3:17
日韓首?が?談、北朝鮮とロシアの軍事協力に「深刻な懸念」…シャトル外交は??へ,https://www.yomiuri.co.jp/politics/20241117-OYT1T50091/,2024/11/17 20:24,日韓首?が?談、北朝鮮とロシアの軍事協力に「深刻な懸念」…シャトル外交は??へ,"【リマ＝太田晶久】石破首相は１６日午後（日本時間１７日午前）、訪問先のペル?の首都リマで、韓?の
尹錫?
大統領と約５０分間?談した。北朝鮮がロシアへの兵士派遣に踏み切るなど、北朝鮮とロシアが軍事協力を進展させていることへの「深刻な懸念」を共有し、米?を含め緊密に連携して??する方針を確認した。
首相は?談冒頭、「北朝鮮の動きも含め、?しい安全保障環境を踏まえ、日韓、日米韓の協力を??的に?化していくことは重要だ」と呼びかけた。尹氏は「北朝鮮の兵士派遣など、情勢が緊迫化している」と?じ、日韓の連携?化の必要性を唱えた。
?首?の?面での?談は２回目で、１０月１０日にラオスで行って以?。首相は、短期間に再び?談できたことに?し、「これが日韓?係のあるべき姿だ。このような?係を?化していきたい」と?調した。?首?は、緊密な意思疎通と、首?が相互に往?する「シャトル外交」の??を申し合わせた。?年の日韓?交正常化６０周年に向け、?係を未?に向けて更に飛躍させていくことでも一致した。政治?安全保障、??、文化、社?保障など包括的な分野での連携を促進させる。",2024/11/23 3:18
バイデン氏の「レガシ?」日米韓連携、２?間「ディ?ル」好むトランプ氏登板で不透明に,https://www.yomiuri.co.jp/world/20241116-OYT1T50120/,2024/11/16 19:16,バイデン氏の「レガシ?」日米韓連携、２?間「ディ?ル」好むトランプ氏登板で不透明に,"【リマ＝淵上隆悠】米?のバイデン大統領は、インド太平洋地域を不安定化させている中?や北朝鮮に??するため、日米韓３か?の?係を深めてきた。?年１月に就任予定のトランプ次期大統領は２?間による「ディ?ル（取引）」を好むため、政?交代後も日米韓の?組みを通じた連携が?くかどうかは不透明だ。
「３か?の協力が、今後何年にもわたってインド太平洋地域の平和と安定の礎になることを信じている」
１５日に開かれた日米韓首??談で、バイデン氏は左右に座る石破首相と韓?の
尹錫?
大統領にこう語った。
２０２１年に?足したバイデン政?は、覇?主義的な動きを?める中?や核ミサイル技術を向上させている北朝鮮を念頭に「格子?」の多?間連携を構築してきた。米英豪による「ＡＵＫＵＳ（オ?カス）」を?足させ、日米豪印の「Ｑｕａｄ（クアッド）」を閣僚級から首?級に格上げした。
日米韓の?組み?化も「格子」の一つだ。日米韓の連携?化の機運が高まったのは、２２年５月に韓?で尹政?が?足し、日韓?係が正常化に向かったからだ。
バイデン氏は２３年８月、?代米大統領が重要な外交局面で利用してきたワシントン郊外の大統領山?キャンプデ?ビッドに岸田首相（?時）と尹氏を招き、「日米韓パ?トナ?シップ（協力?係）の新時代」を宣言した。首?や外相、防衛相など??なレベルでの?談の定例化で一致した。
協力?係の「制度化」と言える試みは、いずれかの?で政?が交代して外交方針が?わっても、影響を最小限に抑える狙いがあった。日米韓が１５日の共同?明で?表した「調整事務局」の新設もその一環だ。
米?では、５日の大統領選でトランプ氏の再登板が決まった。?務長官に外交?安全保障に精通するマルコ?ルビオ上院議員が選ばれたことは日韓でも好意的に受け止められている。
ただ、多?間の連携はバイデン氏が築いた「レガシ?（政治的遺産）」と言え、トランプ氏が否定したいものでもある。１５日の日米韓首??談が自身最後の?加となったバイデン氏は「この協力?係が永遠に?くことを期待する」と語った。",2024/11/23 3:18
韓?の高校生が?校、授業に?加しプレゼント交換も…?西大倉,https://www.yomiuri.co.jp/kyoiku/support/information/CO039991/20241113-OYT8T50022/,2024/11/14 16:00,韓?の高校生が?校、授業に?加しプレゼント交換も…?西大倉,"?西大倉中?校?高等?校（大阪府茨木市）に１０月２４日、韓?の順天未?科?高校の生徒１８人と?師５人が?校しました。日韓の生徒たちは一?に授業に?加しました。校?のカフェテリアでの?食時には、プレゼントを交換し交流を深めました。詳細は
こちら
。",2024/11/23 3:18
北朝鮮の脅威?大許した度重なる米?の誤算…ドナルド?トランプ氏復?で漂う暗雲,https://www.yomiuri.co.jp/column/matsurigoto/20241112-OYT8T50074/,2024/11/14 10:00,北朝鮮の脅威?大許した度重なる米?の誤算…ドナルド?トランプ氏復?で漂う暗雲,"
３０年前は、空爆で問題は片付くと考える米?の大統領がいた。
２０年ほど前には、周??が包?網を築けば暴走は止まり、やがて?裁?制は崩?すると信じられていた。
約１０年前、スイスで?んだ若者が政?を世襲した時は、?州の民主主義?で暮らした??から改革開放路線にかじを切るのではないかという期待が高まった。
北朝鮮の核?ミサイル開?の?史を振り返ると、?米諸?はことごとく甘い見通しで、北朝鮮の時間稼ぎを許してきたことが思い起こされる。


米?では２０２４年１１月５日投開票の大統領選で、その約６年前に北朝鮮の
金正恩
?朝鮮???委員長（後に?書記）と初の米朝首??談に臨み、平和的な問題解決に失敗したばかりでなく、?裁者が一層の軍備?化に走る動機を高めたことを自?さえしてきた第４５代大統領のドナルド?トランプ氏が?勝し、２５年１月から第４７代大統領を務めることになった。

日本を取り?く安全保障環境が極めて?化したうえに、?みの綱である米?の出方も見通せなくなる中で、「自律的に日本の守りを?化しなければならない」と訴える?の高まりに?し、「不安をあおることが、かえって??や軍?競?を招く」という反論も根?い。
防衛力?化に理解を示す?門家の間でも、北朝鮮の軍事力について「まだ、たいしたことはない」といった受け止め方と、「脅威は想像していた以上に深刻だ」という見方が交錯する。
日本では２４年１０月の?選?の結果、?野?伯仲の?況が生まれたこともあり、防衛力?化の是非も政?の材料にされる傾向が?まった感がある。
こうした論?自?は、日本では何が足りていて、何が足りないかをあぶり出すきっかけになるという意味で、必ずしも不毛ではない。
ただ、議論を深め、より多くの人が納得できる方向を見つけていくためにも、まずは、北朝鮮の脅威がどこまで深刻なのかを見極める必要があるだろう。
先入?を排して、北朝鮮の脅威がどの程度まで高まっているのかをしっかりと見ていくことが、かつてないほど重要になっている。


米大統領選の投開票日を約１週間後に控えた２４年１０月３１日朝に北朝鮮が
平?
近郊から?射したＩＣＢＭ（大陸間?道ミサイル）は、日本を含む周??のみならず、?米諸?にも衝?を?えた。
他?に?害を?えないよう垂直に近い高角度のロフテッド軌道で?射して性能確認を行ったミサイルは、「高度７０００キロメ?トル超、おそらく７５００キロメ?トル以上に達した可能性がある」（日本政府高官）。
これまで北朝鮮がロフテッド軌道で打ち上げたＩＣＢＭ「火星１８」の最高到達高度は約６５００キロメ?トルだったから、「性能が格段にあがった」（同）と言える。朝鮮中央通信は１１月１日、このＩＣＢＭが「火星１９」であると?えるとともに、「最終完結版ＩＣＢＭ」と位置づけた。
新型ＩＣＢＭ開?の可能性をうかがわせる要素は、?射以前からあった。具?的には、２４年９月に金正恩?書記が視察した模?が報じられた移動式?射台（ＴＥＬ）の?化だ。
北朝鮮からの報道に映っていたのは、??の左右に１１個ずつの２２個の車輪で動く「１１軸車?」のＴＥＬではなく、左右に車軸が１２、車輪が２４ある「１２軸車?」のＴＥＬだった。
ＴＥＬの大型化は、ミサイル自?の大型化によって飛距離を伸ばす新型ＩＣＢＭの開?を示唆していた。
１０月３１日のＩＣＢＭは水平の距離にして約１０００キロメ?トルを飛び、北海道の?尻島沖の西方約２００キロメ?トル、日本の排他的??水域（ＥＥＺ）外の日本海に落下した。正常角度（３０～４５度）で飛ばした場合、射程は「最大で１万８０００キロ」（日本政府高官）に及ぶという。
この距離で平?から同心円を描くと、米?全土はもとより、?州全域、さらにはアフリカ大陸とオ?ストラリアも?まる。
ミサイルの射程は?頭の重量によって?わるが、北朝鮮は?に核?頭の小型化に成功していると言われる。
「火星１９」が??配備されれば、中距離?道ミサイルの射程?にある韓?や日本だけでなく、南太平洋や?州に位置する米?の同盟?全てに、北朝鮮は核攻?を仕掛ける能力があることを示したと言える。
もちろん、北朝鮮はまだ正常角度での?射??を行っていないため、大??を越えてから再突入する際に生じる高?などに耐え得るのかどうかは確認されていない。
今後、正常角度での?射??を含め、??に使えるかどうかの??が行われると見られるものの、北朝鮮のミサイル技術が着?に進化していることは間違いない。
北朝鮮では、核兵器製造のための材料となるウランが豊富に産出する。核兵器もミサイルも、他?に依存することなく?自に技術を向上させてきた分、外からの制御が利きにくい。
日本政府高官は「北朝鮮が?自に、ここまで技術を高めるとは、３０年前に核危機が起きた時には予想していなかった」と危機感をあらわにする。


１９９４年に北朝鮮の核開?疑惑が露見した際、ＮＰＴ（核不?散?約）?制の崩?を懸念する米?のビル?クリントン政?は、北朝鮮の核施設に?する空爆の?討までしていた。
日本ではちょうど、９３年の?選?の結果、自民?が比較第１?でありながら野?に?落し、８??派による細川護熙政?、少???となった羽田孜政?、そして自民?が政?復?を果たすために社??の村山富市委員長を?いだ自民、社?、新?さきがけの３?連立の村山政?と?き、政治の安定が?らいでいた時期だった。
９４年の核疑惑では最終的に、クリントン大統領と同じ民主?のジミ??カ?タ?元大統領が北朝鮮を訪問し、米朝?組み合意をまとめて、武力行使という事態を回避した。
米朝?組み合意は、北朝鮮がプルトニウムを容易に作ることのできる?鉛減速?型の原子力?電所を放棄し、核兵器製造に?用しにくい?水?型の原?を建設することが柱だった。?水?の建設と、その完成までのエネルギ?支援としての重油の提供を、米?、日本、韓?が提供することになり、?施機?として朝鮮半島エネルギ?開?機構（ＫＥＤＯ）が設立された。
しかし、米朝?組み合意は、北朝鮮が?鉛?から出た使用?み核燃料に?する?際原子力機?（ＩＡＥＡ）の査察を拒否するなどしたため、有名無?となっていった。
２００２年には、北朝鮮がウランによる核開?を進めていたことが露見した。
ＫＥＤＯは０５年に解散を決め、１０年近くに及んだ米朝?組み合意は、北朝鮮が核開?を進めるための時間稼ぎに使われただけだという評?が定まった。
０３年に北朝鮮の核開?問題を解決するために米?、中?、韓?、日本に加え、ロシアも?加した「６か?協議」が設立された時は、北朝鮮の後ろ盾だった中?が、それまで?際社?で役割を果たすことに後ろ向きだった態度を改め、６か?協議を主導することへの意欲を示すようになった。
中?の積極姿勢もあって、核?ミサイル問題の解決に向けた前進が期待された６か?協議も、北朝鮮が時にのらりくらりと、時にあえて合意に違反する行?を繰り返すことで?件??に持ち?もうとする得意の「??際?術」による時間稼ぎの前に、機能不全に?った。
印象的だったのは、６か?協議設立時の第４３代ジョ?ジ?Ｗ?ブッシュ政?のアジア??高官が?時、「北朝鮮のような?裁?制は、あと１０年も持たない。米?が?制?覆を仕掛けなくても、６か?協議を?けている間、北朝鮮を封じ?めることができ、やがて?制が崩?する」と予測していたことだ。
いわば、時間稼ぎをしていたのは北朝鮮というより、米?だったことになる。
?時の米?には、西側からの情報流入で?民が目?め、冷?終結を加速させた１９８０年代末の東?諸?の例が、北朝鮮にも?てはまるという考え方が根?くあった。
一方で、核開?に着手した北朝鮮の
金日成
?家主席もまた、東?諸?の?史に?んだことを後?者に?承していた。
よく知られているのは、冷?期にル?マニアで?裁的な振る舞いを?けていたニコラエ?チャウシェスク大統領が民主化へのうねりの中で?刑されたことに金日成主席が驚き、?力な?抗手段として核兵器保有が必要だという考え方になったとされる逸話だ。
９４年の金日成主席の急逝後、最高?力の座を世襲した
金正日
?書記も、父の?想と路線を?承した。
この間、冷?後の東?諸?のような?化が北朝鮮に起きなかったのは、?しい情報統制が一定の?果をあげていたことや、「目上の者には逆らわない」といった儒?文化から?る?民性が理由だとする分析がある。
東?との比較で社?的な違いを?視しがちだった米?が、?組み合意や６か?協議を通じて「北朝鮮にとってマイナスの時間稼ぎ」をした結果、かえって北朝鮮に核兵器や?道ミサイルの開?を進める「時間稼ぎ」をさせてしまったのは、皮肉としか言いようがない。
２０１１年暮れ、金正日?書記が亡くなり、三男の金正恩氏が後?者として登場した時は、スイスで?んだ??や若さに?し、?裁?制から開明的な路線への?化が起きるのではないかと期待する?が?際社?では出ていた。
この期待も、的外れであったどころか、完全な?み違いであったことは、その後の北朝鮮の振る舞いを見れば一目瞭然だろう。
例えば、金正日政?下（１９９４～２０１１年）と金正恩政?下（２０１２年～）の核??の回?と?道ミサイルの?射?を比較すると、金正日政?時代は、北朝鮮として初となった０６年を含む２度の核??と、１６?の?道ミサイル?射が行われた。
これに?し、金正恩政?は１２年以降で核??が４度、?道ミサイル?射は冒頭で記した２４年１０月３１日のものを含めて１９３?に及ぶ。
ミサイル?射には、?道、?水艦から?射する探知困難なものや、極超音速ミサイルも含まれている。


米?の??は、どうだったろうか。
クリントン政?（１９９３～２００１年）、第４３代ブッシュ政?（０１～０９年）、バラク?オバマ政?（０９～１７年）のいずれも、「?行に報酬は?えず」の姿勢で、北朝鮮との首??談を避けてきた。
「金王朝」の?制保持が、?民の幸福や繁?以上の最大の目標だとされる北朝鮮にとって、?制の安全は中?による保?だけでは不十分だった。
朝鮮??を?った北朝鮮と韓?は長い「休??態」にあるだけで、??は正式には終わっていない。「?連軍」として韓?を支援した米?が北朝鮮トップの「斬首作?」をしないと約束し、平和?約を結び、?交を樹立し、??支援などを行うことにこそ、保?の核心があると、３代?く金政?は考えてきた。
だからこそ、北朝鮮にとって米朝首??談の?施は?制保?への極めて大きなステップと考えられていて、その裏返しとして、米?にとって首??談は、北朝鮮からの??を引き出すための重要なカ?ドだった。
１８年、トランプ米大統領はそのカ?ドを驚くほどあっさりと切ったが、北朝鮮の核開??ミサイル開?の問題は解決に至らなかった。
とはいえ、前向きに見える動きがなかったわけではない。初の米朝首??談があった１８年に、北朝鮮は核??も?道ミサイルの?射も行わなかった。核施設の一部を破?する「パフォ?マンス」も見せた。
１８年６月にシンガポ?ルで行われた初の米朝首??談に?き、１９年２月にはベトナム?ハノイで第２回首??談が行われたが成果なく、同年６月にトランプ大統領が韓?を訪れ、板門店で３回目の米朝首??談を行った。この際、トランプ大統領は板門店の南北軍事境界線を?いて越え、北朝鮮側に足を踏み入れ、「?史的瞬間」をアピ?ルした。
結局、北朝鮮の核施設の?棄を求める米側と、米?の??制裁の?時解除を求める北朝鮮との思惑はすれ違い、３度にわたる米朝首??談も北朝鮮の問題を解決する?媒にすらならなかった。
むしろ、トランプ政?の??に失望した金正恩?書記は、１９年に２５?の?道ミサイル?射を再開し、その後、新型コロナウイルスの感染?大などもあって頻度は一時的に低下したものの、２０年大統領選でトランプ大統領が敗れた後、ジョ??バイデン政?の２２年には、過去３０年間で最多となった５９?の?道ミサイルを?射している。
先行きに?する深い洞察や?略が不十分のまま、安易に首??談というカ?ドを切ったことが逆に北朝鮮を暴走させてしまったという自?がなければ、２期目のトランプ政?は同じ過ちを繰り返すかもしれない。


２０２２年から隣?のウクライナへの侵略を?けているロシアの??不足、兵員不足に?じてロシアとの?係を急速に緊密にした北朝鮮は、武器???のロシアへの供?にとどまらず、とうとう、北朝鮮軍兵士のロシア派遣にまで踏み?んだ。
２４年６月に平?で行われたロシアのウラジ?ミル?プ?チン大統領と金正恩?書記との首??談で合意した「包括的?略パ?トナ?シップ?約」に基づく派兵と見られている。
同?約をめぐっては、北朝鮮側が露朝の軍事同盟の樹立であるとの見解を示したのに?し、ロシアは「同盟」という言葉は使っておらず、?度差がある。
それでも北朝鮮が、ロシア議?による同?約の承認を?ていない段階で派兵に踏み切ったのは、ロシアからの「見返り」に期待した側面が?い。
ウクライナのウォロディミル?ゼレンスキ?大統領は２４年１１月７日、ハンガリ?のブダペストで開かれた「?州政治共同?（ＥＰＣ）」首??議の後の記者?見で、北朝鮮軍の兵士約１万１０００人がロシアに送り?まれていると明言した。
また、ウクライナがロシアに?する越境攻?で一部地域を占領したロシア西部クルスク州で、ロシアの領土奪還を?る??に北朝鮮兵が?加し、「損害」を受けたとの見方を示した。北朝鮮兵に死傷者が出ているとの情報もある。
事態は?に、不可逆的に進んでいる。その中で北朝鮮がロシアからの??支援、食料支援に加えた軍事面での「見返り」として求めているものは、２１年１月の朝鮮???大?で金正恩?書記が「?防工業を飛躍的に?化して?展させるための中核的な構想と重大な?略的諸課題」として?れた?備、つまり、開?途上にあるか、性能を一層高めようとしている?備ではないかと見られている。
その中で日本や韓?などの周??のみならず、?際社?全般にとって脅威になりそうなのが、原子力?水艦と多?頭個別誘導技術だ。
北朝鮮は?に、?水艦からの?道ミサイル?射??を行っていて、ロシアから原?を提供されるなり、建造技術を?えられるなりすれば、「核の脅し」はあらゆる?に?して利いてくる。
多?頭個別誘導技術は、ミサイルの?頭に搭載された爆?が複?に分かれ、別?のタ?ゲットを狙うために必要となるもので、軍事面での威力は飛躍的に高まると見られる。ロシアは?にこの技術を確立しているとされる。
日本政府高官は「ロシアが技術の核心部分を北朝鮮に簡?に手渡すことはないはずだ。ただ、スペックを落として供?する可能性は高い。米?が同盟?に?備を提供する手法と同じで、例えば同じ??機でも性能を少し落とし、ブラックボックスを?し、米軍でなければ修理も点?もできないようにしておく。それでも、北朝鮮が?自に開?しようとすれば完成に?年かかる?備が、ただちに提供されることは大きい」と警戒する。
露朝の?係が急速に縮まり、?米諸?の懸案であるウクライナ情勢にも影響が出ていることで、これまで北朝鮮問題に?する?心が低かった?州諸?も、北朝鮮の脅威に?する見方を改めるようになっている。
それでも、日本や韓?が長年持ち?けてきた脅威認識とは、まだギャップがあるように見える。
",2024/11/23 3:18
レベル拮抗する日韓のハンドボ?ルリ?グが業務協力…王者同士の試合、交流?など今後?討,https://www.yomiuri.co.jp/sports/etc/20241112-OYT1T50148/,2024/11/12 17:44,レベル拮抗する日韓のハンドボ?ルリ?グが業務協力…王者同士の試合、交流?など今後?討,"日本ハンドボ?ルリ?グ（ＪＨＬ）は１２日、韓?リ?グ「Ｈリ?グ」との業務協力を目的とした?書を締結したと?表した。
??のトップリ?グが協力することでハンドボ?ルの普及と?展を目指すもので、９日にソウルでＪＨＬの中村和哉代表理事と韓?連盟の副?長が出席し、署名式が行われた。
?書に基づいて??リ?グ間で具?的な取組の?容について協議、?討していくことになるが、今秋開幕した日本の新リ?グ「リ?グＨ」との王者同士によるクラブ選手?や、交流?の開催などの?現を今後?討していくという。
昨年の女子五輪アジア予選では、韓?が日本と競り合って出場?を獲得するなど昨今、??のレベルは拮抗している。男子は日本が出場を果たしたが、韓?は逃している。ハンドボ?ルは?州が盛んでリ?グのレベルも?倒的に高い。日韓?リ?グの協力で、アジアのハンドボ?ルの?展と底上げが期待される。",2024/11/23 3:18
トランプ次期大統領に備える中?、インドや日本に外交攻勢…イ?ロン?マスク氏にも?きかけ,https://www.yomiuri.co.jp/world/20241110-OYT1T50007/,2024/11/10 9:14,トランプ次期大統領に備える中?、インドや日本に外交攻勢…イ?ロン?マスク氏にも?きかけ,"【北京＝吉永?希子】中?の
習近平
政?は、米?のトランプ次期大統領に??する準備を加速させている。米中?係が不安定になれば中???にマイナス影響が懸念される中、?州や日韓と?係改善を?り、新興?途上?「グロ?バル?サウス」の取り?みを進める方針だ。
中?政府の?情に詳しい?係者によると、米大統領選の結果が出た６日、?中央による?議が開かれた。習近平?家主席も出席し、トランプ氏の大統領就任がロシアのウクライナ侵略やパレスチナ自治?ガザの情勢に?える影響の分析が行われ、台?問題や?中高??への??策を協議した。
「ディ?ル（取引）」を好むトランプ氏と??率などの協議ができる環境を整えるため、中?の一部電?自動車（ＥＶ）メ?カ?が米?で工場を新設することを許可する方針が確認された。
新政?とのパイプ作りのため、中?政府との?係が良好でトランプ氏に近い米?業家イ?ロン?マスク氏にも?きかける。中?の
李?
首相は上海市トップの市?委員?書記だった２０１８年、マスク氏が最高??責任者（ＣＥＯ）を務めるＥＶ大手テスラの工場を誘致した。その後もたびたび?談しており、「２人の親交は中?政府にとって好材料」と判?されている。
ただ、トランプ政?で外交?安全保障や通商の?中政策を?うとみられる高官は、?硬派が勢ぞろいしている。米メディアが?務長官候補に?げるロバ?ト?オブライエン元?家安全保障??大統領補佐官、親台派のマルコ?ルビオ上院議員らは２０年以降、相次いで中?政府から入?禁止の制裁?象となっている。
バイデン政?は、中?との?話を重ねて競?を管理する方針を?げてきた。トランプ次期政?の高官の顔ぶれ次第では、そもそも?話が成立するかどうかすら不透明だ。",2024/11/23 3:18
トランプ氏勝利に期待するプ?チン?ネタニヤフ氏、ハリス氏を望むゼレンスキ?氏…各?指導者の思惑は,https://www.yomiuri.co.jp/world/uspresident/20241106-OYT1T50035/,2024/11/06 7:10,トランプ氏勝利に期待するプ?チン?ネタニヤフ氏、ハリス氏を望むゼレンスキ?氏…各?指導者の思惑は,"５日に投票が始まったアメリカ大統領選?の結果は、世界情勢に大きく影響する。各?指導者の思惑をまとめた。


ロシアのプ?チン大統領は、共和?のトランプ前大統領の勝利に期待しているとみられる。侵略するウクライナに?する軍事支援に否定的で、?選すれば?年１月の就任までに和平を?現すると主張しているからだ。ロシアがすでに占領したウクライナ領の割?を?件に、停?に持ち?む案が取りざたされている。
ウクライナのウォロディミル?ゼレンスキ?大統領はウクライナ支援を主導してきたバイデン政?の路線を踏襲する構えの民主?候補ハリス副大統領の?選を望んでいるのは間違いない。１０月３１日、「（次期米大統領によって）もし支援が弱まれば、ロシアは更に領土を奪い、我?がこの??に勝つことはできなくなるだろう」とＳＮＳに投稿した。
トランプ氏が?選した場合、米?から妥協を迫られかねない。ゼレンスキ?氏は「我?の立場は領土を巡る妥協ではなく、米?の??が維持されることに依?した外交的手段の可能性を探るものだ」として、外交的解決を目指す上でも米?の後ろ盾が不可欠だとの考えを示した。


パレスチナ自治?ガザやレバノンで??を?けるイスラエルのベンヤミン?ネタニヤフ首相らがトランプ氏の?選を望んでいるのは「公然の秘密」だ。
トランプ氏は前回の任期で?際的に認められていないエルサレムを首都と認定して大使館を移すなど極端な親イスラエル政策を取ったのに?し、ハリス氏は選?期間中、イスラエルへの武器供?停止をにおわせたためだ。
イスラエルの民放「チャンネル１３」は９月、ネタニヤフ氏が非公開の場で「トランプ氏は我?が直面している難問を理解してくれるが、もう一方は問題となるだろう」と語ったと報じた。首相府は否定したが、本音とみられている。パレスチナ自治政府高官は取材に?し、「トランプ氏が?選したら?夢の再?になる」と懸念を口にした。


中?の
習近平
政?の?情に詳しい?係者によると中?政府は、予測不能なトランプ氏の返り?きに備え、??を協議している。
トランプ氏が公言する?中??の引き上げが６０％に達すれば中???にとって大打?だ。中?産品を輸入する米企業からの反?も見越し、それを利用して通商協議に持ち?みたい考えだ。
安全保障面では、バイデン政?下で進められた同盟?との協力?係や?中包?網が?らぐとみている。トランプ氏は日本や韓?に?して駐留米軍の費用負?の?額を求める可能性がある。そうなれば日韓の切り崩しを?ることも予想される。
北朝鮮は、米大統領選で「誰が政?を握っても、米?という?家そのものを相手にする。?家の自衛?について誰とも交?しない」（
金星
?連大使）と主張しており、結果にかかわらず核?ミサイル開?を進める構えを?調した。
金正恩
朝鮮????書記は２０１８年に史上初の米朝首??談を行ったトランプ氏との再交?に期待しているとの見方がある。朝鮮中央通信は７月、「首?間の個人的な親交?係」があったと言及していた。",2024/11/23 3:19
皇室典範に?告　?史や?統を無視した?信だ,https://www.yomiuri.co.jp/editorial/20241104-OYT1T50090/,2024/11/05 5:00,皇室典範に?告　?史や?統を無視した?信だ,"皇位?承のあり方は、?家の基本にかかわる事柄である。その見直しを?連の名の下に、付?機?で活動している個人が要求してくるとは、筋違いも甚だしい。
?連の女子差別撤?委員?が、皇位?承を「男系男子」に限っている皇室典範について、男女平等を保障する?容に改めるよう、日本政府に?告した。
?告は、皇位?承のあり方を「女性に?するあらゆる差別を禁じた女子差別撤??約の趣旨に反している」と主張している。
日本の皇室制度は長い?史の中で培われてきた。男系男子による皇位?承は、今上天皇を含めて１２６代にわたる。また、一時的に女性が天皇になった例もある。
王室や皇室のあり方は、それぞれの?の?統や?柄が反映されており、尊重されねばならない。
委員?は、２３か?の?門家で構成されている。今回の?告は、ネパ?ルの委員がまとめたものだ。?告に法的拘束力はないが、この?信は、あたかも皇室典範に女性差別があるかのような誤った印象を?げる恐れがある。
政府が委員?に抗議し、皇室典範に?する記述の削除を求めたのは?然だ。?際社?に?し、?告が日本の皇室制度の特?を何ら理解せず、誤解に基づくものだと?明していくことも欠かせない。
そもそも憲法は、天皇の地位について「?民の?意に基づく」と定めている。皇室をどう安定的に維持していくのかは、?民が考えて決めるべき問題である。
?告はまた、選?的夫婦別姓の導入も注文した。
法制審議?が１９９６年に選?的夫婦別姓の導入を答申して以?、??ではその是非について議論が?いている。先の自民??裁選でも論?のテ?マとなった。
夫婦が別?の姓を名?ることになれば、社?や家族のあり方に大きな影響を及ぼす。子供は、父親か母親と別の姓になるという問題も無視できない。導入の是非については?重に?討すべきだ。
このほか委員?は、日韓??が２０１５年に「最終的かつ不可逆的な解決」を確認した慰安婦合意について、賠償請求への??を求めた。かつては合意自?を「解決していない」と否定していた。
合意に基づき、日本政府は、韓?が設立した元慰安婦支援のための財?に１０億円を?出した。その財?から、多くの元慰安婦が支援金を受け取っている。
２?間の合意にまで口を出すとは、あきれてものが言えない。",2024/11/23 3:19
朝鮮通信使　再現鮮やか,https://www.yomiuri.co.jp/local/okayama/news/20241104-OYTNT50049/,2024/11/04 5:00,朝鮮通信使　再現鮮やか,"
「???牛窓?際交流フェスタ２０２４」（?行委員?主催）が３日、???市牛窓町で開かれた。江?時代に?日した朝鮮王朝からの外交使節?「朝鮮通信使」の再現行列では、通信使などに
扮
した日韓の市民や?生ら約１５０人が港町を?き、?光客を魅了した。
朝鮮通信使は江?時代に１２回?日し、うち９回、牛窓港に寄港したとされる。民族衣?チマチョゴリなど色鮮やかな衣?に身を包んだ一行は、港近くの出島公園を?着点とする約２?５キロを韓?の?統?器「プク」や「チャング」を演奏しながら行進。沿道の?光客らは日韓??の?旗を振りながら、「こんにちは」「アンニョンハセヨ（韓?語のあいさつ）」などとあいさつを交わし、交流を?しんだ。
行進終了後には、通信使の正使役を務めた李相烈?駐神?韓??領事と藩士役の武久?也????市長が“?書”を交わして友好を確かめ合った。
公園?には韓?の?統芸能などを披露するステ?ジのほか、出店も?び、多くの?光客が韓?の文化や食を?喫した。
初めて再現行列を見たという、美作市の男性（８２）は「とてもにぎやかで驚いた。本や資料だけでは行列のにぎやかさはわからない。見ることができてよかった」と話した。",2024/11/23 3:19
新羅琴、日韓交流の賜物…朝鮮半島から??の伽耶琴と同じ起源,https://www.yomiuri.co.jp/local/kansai/news/20241031-OYO1T50052/,2024/10/31 15:00,新羅琴、日韓交流の賜物…朝鮮半島から??の伽耶琴と同じ起源,"奈良?立博物館（奈良市）で開催中の「第７６回正倉院展」（特別協力???新聞社）に出展されている弦?器「
新羅琴
」は、韓?を代表する?統的な民族?器?
伽耶琴
と同じ起源を持つ。韓?に１０００年以上前の古い伽耶琴は?っておらず、伽耶琴奏者らも注目している。（?原支局長　?口和哉）
新羅琴は古代の朝鮮半島?新羅から?わった音?「新羅?」に用いられた１２弦の琴。弦を固定させる「
?留
」が、特?的な羊の耳形をしている。正倉院?物の目?「
?家珍?帳
」に２件が記されているが、いずれも平安時代の８２３年に出?され、２か月後に別の琴が代納された。そのうち１件が今回の正倉院展に出展されている。
伽耶琴は、３～６世紀に半島南部にあった小?群「伽耶」で作られ始めた。伽耶が滅んだ後も新羅で使い?けられた。韓??慶州の６世紀半ばの古墳から出土した?飾
壺
に伽耶琴を?く男性像が表されている。
現在?わる伽耶琴は「新羅琴」と同じ１２弦で、?留の形は違う。指を使って演奏し、?細な音色がする。奈良時代に新羅を通して日本に?わった伽耶琴が、「新羅琴」と呼ばれるようになったと考えられている。
韓??全羅南道出身で大阪市在住の伽耶琴奏者、
元京愛
さん（６８）は「正倉院に古い伽耶琴が?わっていると知り、驚いた。古代からの韓日交流の
賜物
。ぜひ正倉院展を訪れ、現物を見てみたい」と話している。
◆古代の朝鮮半島＝
４～７世紀、朝鮮半島は東部の新羅、西部の百?、北部の高句麗の３?が分立し、
倭
（日本）を?き?んで抗?を繰り?げ、三?時代と呼ばれた。南部の伽耶（
任那
）は、倭と活?に交流していたが、５６２年に新羅に滅ぼされた。",2024/11/23 3:19
最新?目次,https://www.yomiuri.co.jp/choken/quarterly/20241003-OYT8T50078/,2024/10/31 14:00,最新?目次,"■
ＦＯＣＵＳ
「?裁?の『弧』抑止へ、クアッドの連?と日本のリ?ダ?シップが必要」スコット?モリソン?豪前首相

■【視座】
「ルイスの?換点」再び？／林田晃雄


■特集１　インド太平洋の平和を守る■
■危機の時代に求められる?家?略／伊藤徹也


■特集２　?革の時を迎えた日本■
",2024/11/23 3:19
９．１１で遠のいたニュ?ヨ?クでの挑?、再起の突破口は見上げた空で出?った不思議な「あやとり」だった,https://www.yomiuri.co.jp/culture/20241030-SYT8T5949866/,2024/10/31 14:10,９．１１で遠のいたニュ?ヨ?クでの挑?、再起の突破口は見上げた空で出?った不思議な「あやとり」だった,No Content,2024/11/23 3:19
?まれた?馬の寺の?像、現在は韓?政府の管理施設に…返還メド立たず「所有?確定判決は何だったのか」,https://www.yomiuri.co.jp/national/20241026-OYT1T50045/,2024/10/26 15:42,?まれた?馬の寺の?像、現在は韓?政府の管理施設に…返還メド立たず「所有?確定判決は何だったのか」,"長崎??馬市の?音寺から韓?人???に?まれた?像について、韓?大法院（最高裁）が同寺に所有?があると認めた判決から２６日で１年となる。韓?側では返還の手?きに目立った進展はなく、いまだに返還のめどは立っていない。前住職の田中節孝さん（７８）は「１２年待ち?けており、とにかく早く返してほしい」と訴えている。
?像は?指定有形文化財の「
?世音菩薩坐像
」。２０１２年１０月、本堂から韓?人???に?まれ、韓?に持ち?まれた。???は１３年１月、韓?の警察に逮捕され、?像は回?されたものの、返還されなかった。
韓?の
浮石
寺が「１４世紀に
倭寇
によって略奪された」として所有?を主張し、保管する韓?政府に引き渡しを求めて提訴した。韓?での１審は浮石寺の主張を認めたが、２審で取り消され、大法院は昨年１０月２６日、所有?は?音寺にあると認めた。
日韓政府筋によると、?像は現在、韓?政府が管理する施設で保管されている。韓?の?察?局が日本への返還手?きを進めているが、これまでに目立った進展はない。韓?では日韓?係を重視する
尹錫?
政?の外交姿勢について左派系野?などが「屈辱外交だ」などと執拗に批判している。こうした韓??の?況が、返還の?れにつながっている可能性もある。
判決後、韓?政府などから?音寺に連絡はないが、今年６月末、浮石寺から、返還前に１００日間の法要を行うことを?件に、日本への返還に反?しない方針を記した書簡が?いた。
田中さんは「返還について浮石寺が?成、反?という?限はない。法要に反?するわけではないが、日韓の?政府など?係者の間で確?に返すという約束事を明確にすることが先ではないか」と指摘。その上で「?係者からの連絡もなく、法治?家として所有?を確定させた判決は何だったのか」とあきれている。
大石知事は２３日の定例記者?見で、「今なお返還が?現できていないことは本?に憂慮している。?にもしかるべき?きかけをしたい」と述べた。?像は?の文化財のため、??育委員?は返還に備えて輸送などの準備を進めている。
?馬市の比田勝?喜市長は２５日、「ご本尊に手を合わせることなく亡くなった
檀家
もいる。一刻の猶予もない?況に危機感を抱いており、?時返還を?く求める」との談話を出した。
外務省は「政府として早期返還に向けて?きかけをしている。?係者とも連絡を取り合いながら、適切に??したい」としている。",2024/11/23 3:20
Ｇ７?防相?合　防衛協力を深化させる時だ,https://www.yomiuri.co.jp/editorial/20241020-OYT1T50128/,2024/10/21 5:00,Ｇ７?防相?合　防衛協力を深化させる時だ,"ウクライナ??の長期化で?米諸?に「支援疲れ」も見える中、自由主義?の?防相が結束を確認した意義は大きい。
日本は、?米諸?との安全保障協力を?化すると同時に、紛?の解決に貢?していくことが重要だ。
中谷防衛相が、今年の先進７か?（Ｇ７）の議長?であるイタリアが開いた初の?防相?合に出席し、ロシアが侵略するウクライナへの支援の??で一致した。
ウクライナの?況は

膠着




し、?米諸?では、領土の一部をロシアに占領されたままの停?を主張する論調も出ているという。
ウクライナのゼレンスキ?大統領は今月、英?伊?を?訪し、「勝利計?」への?同を求めたが、協議??の確認にとどまった。
こうした中で、Ｇ７の?防トップが情勢認識をすり合わせ、連携して??する方針をひとまず確認したことは評?できる。
ウクライナに?車や??機などを供?し?けている?米諸?は、自??の武器???の不足が深刻になりつつあるという。
日本は昨年末、防衛?備移?３原則と運用指針を改め、?備品の部品については輸出を幅?く認めた。一方、完成品の輸出は、今も原則として救難?輸送?警戒?監視?掃海の５類型に限定しており、制約がある。
政府は、可能な範?で部品の輸出に踏み切るべきだ。そうした取り組みを?け、?米諸?によるウクライナ支援を下支えすることが欠かせない。
一方、イタリア訪問に先立ち、中谷氏はベルギ?でウクライナのウメロフ?防相と?談し、トラックなどの自衛隊車?を提供することを表明した。
ウクライナのニ?ズを把握し、日本ならではの支援を重ねていく必要がある。
中谷氏はベルギ?で、北大西洋?約機構（ＮＡＴＯ）の?防相?合にも出席した。日韓、豪州、ニュ?ジ?ランドの４か?が「インド太平洋パ?トナ?」という立場で初めて招かれた。
この?合では、東?南シナ海で覇?的な活動を?めている中?を警戒する?が相次いだという。
近年、ＮＡＴＯ諸?の中には、東南アジアの成長を取り?もうとこの地域での貿易を?大させている?が多い。アジアの海上交通路の安全確保は、ＮＡＴＯにとっても重い課題となっている。
?州がアジアの安全保障に?心を寄せている現?は、協力?係を深化させる好機と言えよう。",2024/11/23 3:20
北朝鮮が１万人ウクライナ派兵準備、「??で現代?を?ぶ貴重な機?」…日韓の安全保障に?影響も,https://www.yomiuri.co.jp/world/20241018-OYT1T50138/,2024/10/18 18:40,北朝鮮が１万人ウクライナ派兵準備、「??で現代?を?ぶ貴重な機?」…日韓の安全保障に?影響も,"【ブリュッセル＝酒井圭吾、ソウル＝中川孝之】ウクライナのウォロディミル?ゼレンスキ?大統領は１７日、ブリュッセルで行われた北大西洋?約機構（ＮＡＴＯ）?防相?合後の記者?見で「北朝鮮が１万人の兵士を（ウクライナに派遣するため）準備しているとの情報を得ている」と明かした。
北朝鮮はベトナム??や１９７３年の第４次中東??にパイロットなどを送ったことはあるが大規模派兵は初めて。?道ミサイルによる攻?など????を積めば、日本や韓?の安全保障にも?影響が及びかねない。ロシアの不足していた兵力を北朝鮮が補充することにより、ウクライナ侵略が長期化する恐れもある。
韓?の
尹錫?
大統領は１８日、大統領府で緊急?議を主宰した。「露朝の軍事的な密着が?質的な派兵に至った」とし、「?際社?と共にあらゆる手段を動員し、??する」ことを確認した。韓?の情報機???家情報院は１８日、北朝鮮が特殊部隊を含む４旅?約１万２０００人の派兵を決定し、兵力の移動に着手したと本紙に明らかにした。
?情院の?表によるとロシア海軍の輸送船が８～１３日、北朝鮮の特殊部隊員約１５００人を北朝鮮北東部?
?津
などからウラジオストクに移送したことを衛星??などから確認した。
複?のウクライナメディアは、現在、露極東ブリヤ?ト共和?ウランウデ付近の軍事基地で約３０００人の北朝鮮兵の部隊が訓練を受けていると報じている。
露朝?係に詳しい?係筋によると、派兵はプ?チン露大統領が昨年９月、
金正恩
朝鮮????書記との?談で要請した。?首?は６月、有事の相互軍事支援を規定した「包括的?略パ?トナ?シップ?約」に署名している。
英?防省の分析によると露軍の９月の死傷者?は１日平均１２７１人で過去最多を記?した。プ?チン氏は?民の反?を恐れ、追加動員には?重だ。
峨山
政策?究院（ソウル）の
梁旭
?究委員は、北朝鮮が?道ミサイルと運用部隊を送ることで「武器?系の性能を??し、??のノウハウを?べる」と分析した。「無人機などを?使する現代?も?ぶだろう。極めて貴重な????となる」と話した。",2024/11/23 3:20
アバンギャルディ「天才的」世界が熱狂…なぜ制服？生みの親が語る結成秘話,https://www.yomiuri.co.jp/otekomachi/20241011-OYT8T50007/,2024/10/18 11:10,アバンギャルディ「天才的」世界が熱狂…なぜ制服？生みの親が語る結成秘話,"謎の制服おかっぱ集??アバンギャルディ。不?味でかわいらしい17人が一??れずにフォ?メ?ションを切り替えて、昭和歌?やJ-POPなどを視?化する。超人的なキレとスピ?ドに笑いも混ぜた唯一無二のシンクロ力を誇る驚異的なダンスの評判は海外にも?がっています。一?何者なのか？　プロデュ?スする振付師のakaneさん、ダンサ?のSonoさんとKohanaさんに?ってきました。



「天才的だ……」。昨年6月、米?の人?オ?ディション番組「アメリカズ?ゴット?タレント（AGT）」で、コロッケさんによる物まねで知られる「シンデレラ?ハネム?ン」（歌?岩崎宏美さん）を踊り終えると審査員の一人が絶?した。

「日本の魂を詰め?んだオリジナルダンスをします」とSonoさんが宣言した後、次?と複?でコミカルな動きを繰り出し、?場を熱狂の渦に?き?んだ。リフトされた一人が脚を時計の針のようにぐるり。全員が胸の前で腕を組み愛らしく首を振る。?腕を光彩のように四方八方にパッと伸ばす。?顔にプロレス技風の回?も飛び出す。

「カッコイイ。かわいい。きれい。芸術的。世の中に色んなダンスがある中で唯一無二のものを作りたい。パッと見て面白いだけでない。練習を積み重ねて、ユニゾン力やきめ細かな角度などを追求して極めているからこそ?わったのだと思う」。元?に語るakaneさんは大阪府出身。「小さい時からお笑いに?れ、面白いってなんやろって普段から追求してきました」

日本女子?育大?舞踊??攻に進むと、OGとして大阪府立登美丘高校ダンス部を指導。2017年にバブル期の?いでキレッキレに踊る「バブリ?ダンス」で全?高等?校ダンス部選手?で優勝して注目された。「1980年代頃の?曲やファッションが好き。それに入部して習い始めた子でも目を引くダンスをどう作るか考えた」

その勇姿にSonoさんが憧れた。「何やろこの動き。メチャクチャそろってる。akaneさんのダンスに興味を持って入部した。怒られる?悟でしたが?際に怒られた。喜怒哀?をすごく表現されるので一?にいて?しいです」

2022年にはアバンギャルディが?足。コロナ禍の停?を?て、akaneさんは「やるしかない」と思い立ちダンスNo.1決定?「THE DANCE DAY」に出場するため、主宰カンパニ?からメンバ?を選?した。おかっぱ頭にジャンパ?スカ?トの制服というスタイルは、最初の振り付け作「かもめが
翔
んだ日」（歌?渡??知子さん）から採用した。「白いブラウスの腕を?に?げるとカモメに見える。偶然ですが、その格好が受けたので、これで行こうかと」

ただ自在に動くのは難しい。「踊り用に出?てませんから。上履きでパフォ?マンスすると靴が硬いし痛いので大?。でも踊りにくい制服だからこそ?わる魅力もあるのでは」とKohanaさん。そこでスカ?トや?の毛のコントロ?ルまで練習する。稽古が10時間も?くこともある。



制服おかっぱ姿で踊る動?をSNSに投稿するうちに評判が?がり、AGTのプロデュ?サ?の目に留まった。番組では決勝進出を果たし、知名度が急上昇。??外から出演オファ?が相次ぎ、ワ?ルドワイドな存在に。今年はイタリア?ミラノ、中??常州、香港、台北、ソウル、マニラ、クアラルンプ?ルで踊った。「SNSではわからない空?感や奇妙さを感じていただけたのでは。現地の言葉でのMCとか、皆さんとのやり取りも?しかった」とSonoさん。

グル?プの現在地について「色んな人に出?えて本?に幸せ」とakaneさん。「これからも一丸となっていい物を作る努力を惜しまない。それが全てパフォ?マンスに出てくると思う。私たちの?持ちがガッツリ?わればいいなと思っています」。入魂の稽古と踊りは?く。





「1曲の中にどんだけ展開あるんやっていうぐらい違う表現が次?と出てくる。めっちゃ苦?しました。どう踊るか想像しにくいし、テンポが速すぎる。作っては潰してが2か月?いた。でも、いろんな色を付けて表現が出?るのが魅力です」（akaneさん）



「『現在?過去?未?』という歌詞で始まる曲。お母さんは『?かしい』と言います。何回踊っても?回新鮮な?持ちで踊れます。『アイドル』などハイテンポで踊る曲と?照的です」（Sonoさん）

「間奏部分などがキャッチ?。何でこのシ?ンが出てくるのかと思うけど、曲のスト?リ?にはまっている」（akaneさん）



「曲が陽?なのに歌詞がめっちゃ切ない。それを顔で表現するため、コロッケさんに1人ずつ顔を見てもらって練習した。構成も複?。究極の形をピシッとそろえるのに時間がかかりました」（Kohanaさん）

「5日ぐらいで（振りを）作れた。大好きな曲なんで、ポンポコポンポコとアイデアが出て?た」（akaneさん）



9月22日にはソウルで開かれた「日韓交流おまつり2024 in Seoul」に?加しました。彼女たちが韓?で注目されていて、SNSのフォロワ??も多いため、一般市民層にリ?チできると考えて?際交流基金が依?したのです。

「おまつり」には日韓のアイドルグル?プや?統舞踊の?い手らと出演。彼女たちは韓?のT-ARAの曲も踊り、最後には「かもめが翔んだ日」の振りを?客に?えた後、一?に踊りました。「私たちを知っていただくきっかけになったのでは。また韓?で踊れるよう頑張りたいです」とKohanaさん。

前日にはソウル公演芸術高校でワ?クショップを開きました。akaneさんの指導の下、3グル?プに分かれて生徒たちと踊りました。「私の振り付けは絶?にやったことなかったと思いますが、?えた瞬間から?しそうに踊っているのを見てうれしくなりました」

（??新聞文化部　文?祐成秀樹／???宇那木健一）
",2024/11/23 3:20
中谷防衛相がＮＡＴＯ?防相?合に初?加、?州?大西洋とインド太平洋の安保面での連携?化を確認,https://www.yomiuri.co.jp/politics/20241018-OYT1T50042/,2024/10/18 10:49,中谷防衛相がＮＡＴＯ?防相?合に初?加、?州?大西洋とインド太平洋の安保面での連携?化を確認,"【ブリュッセル＝田村直?】中谷防衛相は１７日午後（日本時間１７日夜）、ベルギ?で開かれた北大西洋?約機構（ＮＡＴＯ）?防相?合に、韓?、豪州、ニュ?ジ?ランドの?防相らとともに出席した。?合では?州?大西洋とインド太平洋の平和と安定は不可分だとの認識で一致し、安全保障面での連携?化を確認した。
ＮＡＴＯは日韓豪ニュ?ジ?ランドの４か?（ＩＰ４）をインド太平洋地域のパ?トナ??に位置づけており、?防相?合に初めて招待した。中谷氏は「基本的?値と?略的利益を共有する同志?との連携を深め、日本とＮＡＴＯ、ＮＡＴＯとＩＰ４で一層協力を進展させることが重要だ」と述べ、中?やロシアの力による現??更の試みに?抗するための連携?化を呼びかけた。
ロシアによるウクライナ侵略を巡っては、引き?きウクライナ支援を?けるとし、自衛隊車?を追加提供する考えを示した。中?軍が１４日、台?を取り?む形で?施した大規模な軍事演習についても?明し、各?と懸念を共有した。
中谷氏は?合に合わせ、ウクライナのルステム?ウメロフ?防相と個別に?談したほか、ＩＰ４の４か?による?合も行った。１９日には、イタリアで初開催される先進７か?（Ｇ７）?防相?合に出席する。",2024/11/23 3:20
＜衆院選　２０２４＞１?　候補者の?顔　（上から?け出順）,https://www.yomiuri.co.jp/local/okayama/news/20241018-OYTNT50037/,2024/10/18 5:00,＜衆院選　２０２４＞１?　候補者の?顔　（上から?け出順）,"２７日の投開票に向け、激しい論?が繰り?げられている衆院選。候補者の?顔を選??ごとに紹介する。



２０１９、２２年の?院選、２１年の衆院選に?く?政選出馬。「自民?の政?復?から１２年。?民の思いからどんどんかけ離れていき、何としても?えたい」
小?校の?員を１１年間務めた??から、人の?持ちに寄り添うことには自信がある。大?生らと交流する中で、コロナ禍以降も物?高に苦しむ?を聞いてきた。岡山市北?を中心に?生が多い選??で、「?費の値下げを一番に訴えていきたい」と?調する。
１?は山から海まで?く、多?な願いがある地域と受け止めている。「住民のみなさんからの願いを聞いて回りたい」と話す。最低賃金の引き上げや１日７時間??、社?保障の充?、農業の支援などを訴える。
趣味は１０年間習っているフラワ?アレンジメント。色鮮やかな花に?れるのが癒やしで、?室へ通う片道１時間のドライブもストレス解消につながっている。



兵庫?太子町の町議を４期、町長を２期務めた。維新の候補者公募に?じ、長女が小?校から高校まで岡山１??の?校で?んだ?もあり、立候補を決めた。
重点を置くのは地方創生。昨年８月以降、選???を回り、過疎化が進む現?を見てきた。文化や?統が息づく地域の?展を目指し、「自然と調和した住みやすく、?きやすい岡山を、共に！」をキャッチフレ?ズに?げる。
?療や介護、年金を巡る?民の負?は?え、物?も上昇。自民?の政治とカネの問題も踏まえ、「日本の政治への信?は破綻寸前」と語る。企業???金の?止や議員の世襲制限など政治改革の?現を訴え、幼??育?高等?育の完全無償化にも力を?める。
「仕事をすることが趣味」と言うが、畑で取れた桑の葉で作ったお茶や?を使って妻が作るジャムを味わうのが?晴らしだ。



２０１９年の?院選、２１年の衆院選に?く?政選挑?。「地域をくまなく回って聞いた?、思いを引き受け、今回こそは勝ちたい」
暮らしの支援を前面に出す。「アベノミクス以?、株?などの指標は伸びても、暮らしは危機的な?況」と語り、消費?やガソリン?の負??減を訴える。人口減に?止めをかけるため、地域で?く場の確保や特色ある?育、農業支援や公共交通の確保も?げる。
自民?の政治とカネの問題については「長年組織的にル?ルを破っても?明もしない。政治資金規正法の改革も進まなかった」と批判。ＮＰＯ代表時代に?計にも携わった??を踏まえ、支出の１円?位の公開や企業???金の禁止を訴える。
アクション映?の鑑賞が趣味。座右の銘は１０?代に作った造語「年中
夢求
」。次の世代への責任として、政治を?える夢に突き進む。



赤磐市議を３期１０年務め、地方自治の現場に身を置いてきた。??に希望が持てる暮らしやすい地方の?現に向けて、「?政の場からバックアップしていきたい」と意??む。
２０、３０?代に就職や生活に苦?した??がある。自分を?えるきっかけを求めてＪＲ岡山?前でごみ拾いを始めたことが、ホ?ムレス支援に?わることにつながり、政治の道へと?みが進んでいった。
選??で?く訴えるのは手取り額を上げること。「手取りが消費に回らないと、地域??が疲弊していく。所得?、社?保?料の見直しを求めていきたい」と語る。自民?政治におごりを感じており、?野?が伯仲する??を目指す。
座右の銘は「コツコツ一?一?」。１０年以上、?朝街頭に立ち、地道に政策を訴えてきた。小?２年の娘の成長を見るのが癒やしという子煩?なパパだ。



自民?選?制度調査?長として衆院小選??を「１０?１０減」する公職選?法改正に取り組み、?裁選では選?管理委員長を務めるなど重責を?ってきた。「政治家として鍛えられた面がある」と振り返る。
政治とカネの問題について「政治に?する信?の回復は政策展開の大前提。?支を明確にするのは政治家の義務」と語る。その上で「?しい?際情勢を考えると自民、公明の政?を確保することが?民のためでもある」と訴える。
高?化や人口減が進む地域の?情に?れ「地方の活力を取り?す。結果を出していく」と述べ、農業や?光の振興、道路やダムなどインフラの整備を?げる。
中?時代から?けるサッカ?好き。??議員で作るチ?ムの監督兼主?を務めるが、日韓?抗?は負けが?んでいるといい「解任決議案が出ないか心配」と笑う。",2024/11/23 3:21
メディアで喧?された中田英?の「孤立」、福西崇史は「仲が?かった」のか…「意見はぶつかる」けど,https://www.yomiuri.co.jp/sports/soccer/20241010-OYT1T50136/,2024/10/15 10:00,メディアで喧?された中田英?の「孤立」、福西崇史は「仲が?かった」のか…「意見はぶつかる」けど,"サッカ?元日本代表でジュビロ磐田などで活躍したサッカ?解?者の福西崇史さんが、??新聞ポッドキャスト「ピッチサイド　日本サッカ?ここだけの話」に出演。日韓ワ?ルドカップ（Ｗ杯）での??や代表チ?ムのホスピタリティ?がどのように改善されていったかを語った。


福西さんの日本代表デビュ?は１９９９年にパラグアイで開催された南米選手?（コパ?アメリカ）。
「すげえ、異?なんだよ。ドロドロのグラウンドで、（グラウンドが金網に?まれて）金網デスマッチみたい。サポ?タ?が金網に上って『おら?っ』ってやって、雰??が殺伐としてるわけ。日本の平和的な感?で行ったから、殺伐とした感じが鳥肌やん。怖いっていうのが最初だった」
２００２年の日韓Ｗ杯では、１次リ?グ第２?のロシア?の後半４０分に途中出場した。
「あんなに足が震えたことは初めてだった。人生で１回だけ」。日韓Ｗ杯のピッチに立ったのはこの約５分間だけだったが、この??は大切にしている。
「途中交代のグラウンドの?に立った時。あれが緊張のマックスだった。だから、今では緊張することはほぼない。（テレビの仕事とか）緊張するよ。でも震えることはない。あの時はすごく嫌な??だったけど、その後に生きる??という意味では、嫌な??もしておいた方が次は?じゃん」
「（ほど良い緊張は）必要だ。でも、硬くなるとか、良くない緊張もあるわけ。だから子どもたちには『（緊張して）良かったな』って言う。その??をした方が生きるから。『準備必要なんじゃないか』とか言える。だから『緊張はしなさい』って言う」
日韓Ｗ杯の代表メンバ?にはジュビロ磐田の中山雅史さんもいた。
「ジュビロの時もそうだけど、（練習のジョギングでも）中山さんの前を走ったことないんだよ。走らせてくれない、あの人。『先、走らせてもらいます』って言ったら、ジョギングでさえも?かせない。負けず嫌い」
地元開催でプレッシャ?のかかる日韓Ｗ杯では、チ?ムを支えるベテラン選手の存在があったという。

中心メンバ?としてむかえた２００６年Ｗ杯ドイツ大?では、１次リ?グでブラジル、クロアチア、オ?ストラリアと??。１分け２敗という悔しい結果に終わった。
このＷ杯では、第３?のブラジル?後に、中田英?さんがピッチに??んで?したシ?ンが印象的だ。中田さんはこの大?を最後に現役を引退した。
「（選手たちは引退について）全く知らない。『何してんの？　呼んでこい、早く』って言ったんだ、俺。（サポ?タ?に）あいさつに向かう時、あいつ?てたじゃん。（引退は）メディアで知った。事前に言えば良いのに。そうしたら、若い選手は特に『ヒデのために』となった。若い選手がヒデとコミュニケ?ションを取るのが難しかった部分もあったわけ」
ジ?コジャパンは、中田さんの「孤立」がメディアで喧?された。
福西さんも「ヒデと喧?したってメディアに出たんだけど……」と言う。
「いまだに言われるんだよ、『ヒデと仲?いんですか？』って。別に?いわけでもないけど、遊ぶペ?スが違うし頻繁に?うことはない。用事があれば電話するぐらいかな。喧?をしてるわけでもない。（ポジションが中盤同士だから）意見はぶつかる。それは?然なんだけど、メディアは
喧?
したと、『孤立』を作り上げちゃう」
福西さんにとって、中田さんら海外移籍をスタンダ?ドにしていった選手たちは、「カズ（三浦知良）さんもそうだけど、海外に出て?わなければならないという意識の高さ。語?を含め、サッカ?への取り組み方を?ぶことは多かった。世界と日本を近づけた選手のひとり」と言う。
「ある意味、ストイック。自分のペ?スをしっかり持ってるので、難しいっちゃ難しい。近づけないオ?ラもあるわけだから、難しいよな。でも、彼なりに自分がすべきことをしつつ、チ?ムのことも考えてもいた。コミュニケ?ションがもっと取れたらよかったなとか、周りの選手が取らなきゃいけなかったなとか。結果論にはなるけど」

男子日本のＷ杯出場は１９９８年のフランス大?から?えて、２０２２年のカタ?ル大?で計７回になる。
Ｗ杯出場を重ねることで、選手たちが試合で最高のパフォ?マンスを?揮できる環境づくりのノウハウも蓄積されてきたという。
「２００６年はドイツのホテルが地下の食事?場だった。だから光が入らないし、暗いわけ。次から（自然光が入る食事?場に）なったし」
代表チ?ムにシェフが?同するようになったのも２００４年から。「ヒデが野菜を食べないから特別メニュ?を作っていた。それ、おかしいよねって、俺らにも（個別メニュ?を）してくれるようになった」
「今はもう、簡?にオ?ダ?しますよ」（?野さん）
「でしょ？　あの時なかったの」（福西さん）
２０１４年ブラジル大?では、キャンプ地から試合?場のスタジアムまでの長距離移動が問題になった。
「（キャンプ地の獲得競?に）負けたわけ。だから２０１８年はめちゃくちゃ早く取っていた。そういうのはどんどんつながっているんだよ」
日本代表がＷ杯で結果を?せるようになってきたのは、選手のレベルアップだけでなく、サポ?ト面の充?もあるようだ。

福西崇史（ふくにし?たかし）
サッカ?解?者。高校を卒業後、Ｊリ?グ加盟２年目のジュビロ磐田に入?。ハンス?オフト監督（?時）にボランチへのコンバ?トを?められ、同じ年に入?したブラジル代表キャプテンの「鬼軍曹」ドゥンガとプレ?。日本代表ではＷ杯の日韓大?、ドイツ大?に出場。２０２２年に早?田大?大?院スポ?ツ科??究科に進み、翌年大?院を修了した。１９７６年生まれ。愛媛?出身。",2024/11/23 3:21
ジ?コジャパン?中田英?の「孤立」はメディアがつくりあげた　それでも「コミュニケ?ションをもっと取れてたら……」,https://www.yomiuri.co.jp/podcast/pitchside/20241015-SYT8T5879737/,2024/10/15 5:50,ジ?コジャパン?中田英?の「孤立」はメディアがつくりあげた　それでも「コミュニケ?ションをもっと取れてたら……」,No Content,2024/11/23 3:21
石破首相が初外遊、中?と「?略的互??係」を確認…韓?とはシャトル外交??で一致,https://www.yomiuri.co.jp/politics/20241010-OYT1T50203/,2024/10/10 21:58,石破首相が初外遊、中?と「?略的互??係」を確認…韓?とはシャトル外交??で一致,"【ビエンチャン＝上村健太、吉永?希子】石破首相は１０日、ラオスの首都ビエンチャンで日本と東南アジア諸?連合（ＡＳＥＡＮ）との首??議などに出席し、首?外交を始動させた。中?の
李?
首相や韓?の
尹錫?
大統領らとの個別の首??談にも臨み、日中間では、共通の利益を?大しながら協力する「?略的互??係」の推進を確認した。
石破首相は就任後、初の外遊で各?首?との信??係の構築に力点を置いた。１０日?（日本時間同日午後）の日ＡＳＥＡＮ首??議では、「半世紀にわたる信??係を構築してきた。さらに?固なものにする?い決意を?える」と語った。海洋安全保障などでの協力促進に?れ、?迎された。
地域情勢にも言及し、沖???尖閣諸島周?での領海侵入などを繰り返す中?を念頭に、「東シナ海で日本の主?を侵害する活動や挑?的な軍事活動が????化されていることに?く反?する」と?調。南シナ海での威?的な活動への深刻な懸念も表明した。
首相は１０日夕（同１０日夜）の日中首??談で「??は?略的互??係を包括的に推進し、安定的な?係を構築するという大きな方向性を共有している」と述べた上で、??間の懸案を議題とした。
中??東省深?市で日本人?校の男子?童が刺殺された事件に?する?相解明や再?防止を求めた。東京電力福島第一原子力?電所の?理水海洋放出を巡り、日中?政府が合意した日本産水産物の輸入再開の早期?現も要請。中?軍機による領空侵犯など、中?軍の活動の活?化に?しては、深刻な懸念を?えた。
中???新華社通信によると、李氏は「建設的で安定した?係の構築に努めることが望まれる」としつつ、「（??の）?展はお互いにとって重要な機?で、挑?ではない」と指摘した。日本の?家安保?略で、中?の軍事動向などを「最大の?略的な挑?」としたことを意識したとみられる。
これに先立つ日韓首??談は、相互に往?する「シャトル外交」の??で一致するなど友好ム?ドに包まれた。尹氏は「?係?展を共に?っていきたい」と呼びかけ、首相は「尹氏と岸田前首相が大幅に改善させた日韓?係を引き?ぎ、?展させたい」と?じた。",2024/11/23 3:21
石破首相がラオス到着、ＡＳＥＡＮと日中韓３か?の首??議に出席へ…就任後初の外?訪問,https://www.yomiuri.co.jp/politics/20241010-OYT1T50059/,2024/10/10 9:54,石破首相がラオス到着、ＡＳＥＡＮと日中韓３か?の首??議に出席へ…就任後初の外?訪問,"【ビエンチャン＝上村健太】石破首相は１０日午前（日本時間同）、東南アジア諸?連合（ＡＳＥＡＮ）?連首??議に出席するため、政府?用機でラオス?ビエンチャンのワッタイ?際空港に到着した。首相の外?訪問は就任後初めて。
午前に行われる日本とＡＳＥＡＮとの首??議では、法の支配に基づく自由で開かれた?際秩序の維持??化に向け、各?との連携を確認する。東?南シナ海情勢や??協力についても議論するとみられる。その後、ＡＳＥＡＮと日中韓３か?（ＡＳＥＡＮプラス３）の首??議に出席する。
午後には、中?の
李?
首相と初の日中首??談に臨む。建設的かつ安定的な日中?係の構築に向け、?話を通じて懸案を解決していく方針で一致する見通しだ。韓?の
尹錫?
大統領とも初めて?面で?談し、?年の?交正常化６０周年を見据えた日韓の協力?化を申し合わせる。",2024/11/23 3:22
