title,url,date,title_content,content,collection_time,label
藤岡弘、の次女、ミニの制服姿にファン胸キュン！「最高に可愛い」「めっちゃ青春」,https://www.yomiuri.co.jp/culture/hochi/20241122064-OHT1T51126/,No Date,No Title Content,No Content,2024-11-23 10:08:22,Culture & Entertainment
ＪＲ九州高速船の浸水隠し「刑事罰対象の可能性高い」…第三者委が報告書「幹部の誤った考えは非常識」,https://www.yomiuri.co.jp/local/kyushu/news/20241122-OYTNT50017/,2024/11/22 12:43,ＪＲ九州高速船の浸水隠し「刑事罰対象の可能性高い」…第三者委が報告書「幹部の誤った考えは非常識」,"ＪＲ九州の完全子会社「ＪＲ九州高速船」（福岡市）が、博多港―韓国・釜山港を結ぶ旅客船「クイーンビートル」（定員５０２人）の浸水を隠して３か月以上運航を続けていた問題で、ＪＲ九州は２１日、同社設置の第三者委員会（委員長・尾崎恒康弁護士）がまとめた調査報告書を公表した。浸水を隠すために船の警報センサーを移動させ、検査を受けずに運航したことなどが船舶安全法に抵触し、ＪＲ九州高速船や同社幹部が刑事罰の対象になる可能性が高いとした。
報告書によると、ＪＲ九州高速船は２月に浸水を把握したが、当時の社長ら幹部は「この程度の浸水ならば問題はない」と判断し、５月３０日まで運航した。日々の浸水量を非公式の管理簿に記録し、浸水量が増えると、感知する警報センサーを上部にずらした。
報告書は、センサーの移動は、臨時検査を受けるべき航海用具の改造に該当する可能性が高いと指摘。移動させたにもかかわらず、検査を受けずに航行を継続した行為が、船舶安全法違反で刑事罰の対象となる可能性が高いとしている。
また、ＪＲ九州高速船幹部による２月の浸水判明時の
隠蔽
の決断について、代替船もなく韓国の旧正月で繁忙期だったとし、船首以外は水密が保持されていると考え、「（予約キャンセルを回避したいという）営業上や社内の事情を優先した」と指摘。約１週間後に船首の損傷の疑いを把握しても、「運航を続けたいとの思いから、（ダイバーによるチェックなど）本格的な確認作業を行わなかった」とした。
問題の原因は、当時の社長が船舶運航の知見や経験が乏しく、「船員経験が豊富な運航管理者らに遠慮して（運航継続を）容認した」と分析。事態を引き起こした責任は「ＪＲ九州高速船の幹部及び船長にある」と結論付けた。「幹部の誤った考えは、海運の世界では通用しない非常識なものと言わざるを得ない」と批判した。
ＪＲ九州高速船は昨年も検査を受けずに航行して行政処分や刑事処分を受けており、昨年７月に国に提出した改善報告書では、何らかの異常が発生した際には即座に報告する「まずは第一報」のルールを導入していたが約半年で破られた。",2024-11-23 10:08:30,Other
韓国船救助　歴史たどる,https://www.yomiuri.co.jp/local/tottori/news/20241121-OYTNT50099/,2024/11/22 05:00,韓国船救助　歴史たどる,"

江戸、大正、昭和の３時代に韓国船が琴浦町の赤碕沖で遭難し、住民らが乗組員の救助に当たるなどした歴史を紹介する資料展が２０日、町役場本庁舎で始まった。無料。２７日まで。
１９１８年に赤碕沖で座礁した貨物船「南昌丸」の韓国人乗組員のうち、ただ一人亡くなった李歳元さんの慰霊祭を行っている実行委員会副委員長の上嶋勝己さん（７１）が企画。写真や当時の新聞記事など約６０点が並ぶ。
６３年に漁船「成進号」が赤碕沖で座礁した事故については、上嶋さんが当時の乗組員から提供を受けたモノクロ写真を展示。成進号を地元企業のクレーン船が引航する様子や、船の修理が終わって帰国する乗組員が土産を受け取り、万歳をする姿などが写っている。
李さんの慰霊祭の写真や、１８１９年に赤碕沖に漂着した商船の乗組員を鳥取藩が手厚くもてなしたことを伝える資料も展示している。
上嶋さんは「先人の功績を多くの人に知ってもらい、日韓の民間交流をさらに深めたい」と話している。",2024-11-23 10:08:42,History & Heritage
韓国反日党首　失脚の危機…公選法違反　李在明氏に有罪判決,https://www.yomiuri.co.jp/commentary/20241119-OYT8T50138/,No Date,No Title Content,No Content,2024-11-23 10:08:50,Politics & Governance
韓国反日党首　失脚の危機　公選法違反　李在明氏に有罪判決,https://www.yomiuri.co.jp/shimen/20241119-OYT9T50213/,No Date,No Title Content,No Content,2024-11-23 10:08:57,Politics & Governance
日韓首脳会談の要旨,https://www.yomiuri.co.jp/politics/20241117-OYT1T50122/,No Date,No Title Content,No Content,2024-11-23 10:09:04,Security & Diplomacy
露朝の接近　日韓「懸念」　シャトル外交継続も一致,https://www.yomiuri.co.jp/shimen/20241118-OYT9T50077/,No Date,No Title Content,No Content,2024-11-23 10:09:12,Security & Diplomacy
日韓首脳が会談、北朝鮮とロシアの軍事協力に「深刻な懸念」…シャトル外交は継続へ,https://www.yomiuri.co.jp/politics/20241117-OYT1T50091/,2024/11/17 20:24,日韓首脳が会談、北朝鮮とロシアの軍事協力に「深刻な懸念」…シャトル外交は継続へ,"【リマ＝太田晶久】石破首相は１６日午後（日本時間１７日午前）、訪問先のペルーの首都リマで、韓国の
尹錫悦
大統領と約５０分間会談した。北朝鮮がロシアへの兵士派遣に踏み切るなど、北朝鮮とロシアが軍事協力を進展させていることへの「深刻な懸念」を共有し、米国を含め緊密に連携して対応する方針を確認した。
首相は会談冒頭、「北朝鮮の動きも含め、厳しい安全保障環境を踏まえ、日韓、日米韓の協力を継続的に強化していくことは重要だ」と呼びかけた。尹氏は「北朝鮮の兵士派遣など、情勢が緊迫化している」と応じ、日韓の連携強化の必要性を唱えた。
両首脳の対面での会談は２回目で、１０月１０日にラオスで行って以来。首相は、短期間に再び会談できたことに関し、「これが日韓関係のあるべき姿だ。このような関係を強化していきたい」と強調した。両首脳は、緊密な意思疎通と、首脳が相互に往来する「シャトル外交」の継続を申し合わせた。来年の日韓国交正常化６０周年に向け、関係を未来に向けて更に飛躍させていくことでも一致した。政治・安全保障、経済、文化、社会保障など包括的な分野での連携を促進させる。",2024-11-23 10:09:20,Security & Diplomacy
日米韓連携　先行きに影　トランプ氏復権で　「２国間取引」傾向　バイデン氏の「レガシー」,https://www.yomiuri.co.jp/shimen/20241117-OYT9T50047/,No Date,No Title Content,No Content,2024-11-23 10:09:27,Politics & Governance
バイデン氏の「レガシー」日米韓連携、２国間「ディール」好むトランプ氏登板で不透明に,https://www.yomiuri.co.jp/world/20241116-OYT1T50120/,2024/11/16 19:16,バイデン氏の「レガシー」日米韓連携、２国間「ディール」好むトランプ氏登板で不透明に,"【リマ＝淵上隆悠】米国のバイデン大統領は、インド太平洋地域を不安定化させている中国や北朝鮮に対応するため、日米韓３か国の関係を深めてきた。来年１月に就任予定のトランプ次期大統領は２国間による「ディール（取引）」を好むため、政権交代後も日米韓の枠組みを通じた連携が続くかどうかは不透明だ。
「３か国の協力が、今後何年にもわたってインド太平洋地域の平和と安定の礎になることを信じている」
１５日に開かれた日米韓首脳会談で、バイデン氏は左右に座る石破首相と韓国の
尹錫悦
大統領にこう語った。
２０２１年に発足したバイデン政権は、覇権主義的な動きを強める中国や核ミサイル技術を向上させている北朝鮮を念頭に「格子状」の多国間連携を構築してきた。米英豪による「ＡＵＫＵＳ（オーカス）」を発足させ、日米豪印の「Ｑｕａｄ（クアッド）」を閣僚級から首脳級に格上げした。
日米韓の枠組み強化も「格子」の一つだ。日米韓の連携強化の機運が高まったのは、２２年５月に韓国で尹政権が発足し、日韓関係が正常化に向かったからだ。
バイデン氏は２３年８月、歴代米大統領が重要な外交局面で利用してきたワシントン郊外の大統領山荘キャンプデービッドに岸田首相（当時）と尹氏を招き、「日米韓パートナーシップ（協力関係）の新時代」を宣言した。首脳や外相、防衛相など様々なレベルでの会談の定例化で一致した。
協力関係の「制度化」と言える試みは、いずれかの国で政権が交代して外交方針が変わっても、影響を最小限に抑える狙いがあった。日米韓が１５日の共同声明で発表した「調整事務局」の新設もその一環だ。
米国では、５日の大統領選でトランプ氏の再登板が決まった。国務長官に外交・安全保障に精通するマルコ・ルビオ上院議員が選ばれたことは日韓でも好意的に受け止められている。
ただ、多国間の連携はバイデン氏が築いた「レガシー（政治的遺産）」と言え、トランプ氏が否定したいものでもある。１５日の日米韓首脳会談が自身最後の参加となったバイデン氏は「この協力関係が永遠に続くことを期待する」と語った。",2024-11-23 10:09:35,Politics & Governance
露朝の軍事協力進展　懸念…日米・日韓外相会談　連携強化確認,https://www.yomiuri.co.jp/politics/20241115-OYT1T50110/,No Date,No Title Content,No Content,2024-11-23 10:09:45,Security & Diplomacy
韓国の高校生が来校、授業に参加しプレゼント交換も…関西大倉,https://www.yomiuri.co.jp/kyoiku/support/information/CO039991/20241113-OYT8T50022/,2024/11/14 16:00,韓国の高校生が来校、授業に参加しプレゼント交換も…関西大倉,"関西大倉中学校・高等学校（大阪府茨木市）に１０月２４日、韓国の順天未来科学高校の生徒１８人と教師５人が来校しました。日韓の生徒たちは一緒に授業に参加しました。校内のカフェテリアでの昼食時には、プレゼントを交換し交流を深めました。詳細は
こちら
。",2024-11-23 10:09:56,Education & People-to-People Exchange
「徹子の部屋」世界が騒然の美女ゲスト「異次元のかわいさ」「びびった」「発光しとる」トレンド入り,https://www.yomiuri.co.jp/culture/hochi/20241114064-OHT1T51078/,No Date,No Title Content,No Content,2024-11-23 10:10:04,Culture & Entertainment
北朝鮮の脅威拡大許した度重なる米国の誤算…ドナルド・トランプ氏復権で漂う暗雲,https://www.yomiuri.co.jp/column/matsurigoto/20241112-OYT8T50074/,2024/11/14 10:00,北朝鮮の脅威拡大許した度重なる米国の誤算…ドナルド・トランプ氏復権で漂う暗雲,"
３０年前は、空爆で問題は片付くと考える米国の大統領がいた。
２０年ほど前には、周辺国が包囲網を築けば暴走は止まり、やがて独裁体制は崩壊すると信じられていた。
約１０年前、スイスで学んだ若者が政権を世襲した時は、欧州の民主主義国で暮らした経験から改革開放路線にかじを切るのではないかという期待が高まった。
北朝鮮の核・ミサイル開発の歴史を振り返ると、欧米諸国はことごとく甘い見通しで、北朝鮮の時間稼ぎを許してきたことが思い起こされる。


米国では２０２４年１１月５日投開票の大統領選で、その約６年前に北朝鮮の
金正恩
・朝鮮労働党委員長（後に総書記）と初の米朝首脳会談に臨み、平和的な問題解決に失敗したばかりでなく、独裁者が一層の軍備強化に走る動機を高めたことを自賛さえしてきた第４５代大統領のドナルド・トランプ氏が圧勝し、２５年１月から第４７代大統領を務めることになった。

日本を取り巻く安全保障環境が極めて悪化したうえに、頼みの綱である米国の出方も見通せなくなる中で、「自律的に日本の守りを強化しなければならない」と訴える声の高まりに対し、「不安をあおることが、かえって戦争や軍拡競争を招く」という反論も根強い。
防衛力強化に理解を示す専門家の間でも、北朝鮮の軍事力について「まだ、たいしたことはない」といった受け止め方と、「脅威は想像していた以上に深刻だ」という見方が交錯する。
日本では２４年１０月の総選挙の結果、与野党伯仲の状況が生まれたこともあり、防衛力強化の是非も政争の材料にされる傾向が強まった感がある。
こうした論争自体は、日本では何が足りていて、何が足りないかをあぶり出すきっかけになるという意味で、必ずしも不毛ではない。
ただ、議論を深め、より多くの人が納得できる方向を見つけていくためにも、まずは、北朝鮮の脅威がどこまで深刻なのかを見極める必要があるだろう。
先入観を排して、北朝鮮の脅威がどの程度まで高まっているのかをしっかりと見ていくことが、かつてないほど重要になっている。


米大統領選の投開票日を約１週間後に控えた２４年１０月３１日朝に北朝鮮が
平壌
近郊から発射したＩＣＢＭ（大陸間弾道ミサイル）は、日本を含む周辺国のみならず、欧米諸国にも衝撃を与えた。
他国に実害を与えないよう垂直に近い高角度のロフテッド軌道で発射して性能確認を行ったミサイルは、「高度７０００キロメートル超、おそらく７５００キロメートル以上に達した可能性がある」（日本政府高官）。
これまで北朝鮮がロフテッド軌道で打ち上げたＩＣＢＭ「火星１８」の最高到達高度は約６５００キロメートルだったから、「性能が格段にあがった」（同）と言える。朝鮮中央通信は１１月１日、このＩＣＢＭが「火星１９」であると伝えるとともに、「最終完結版ＩＣＢＭ」と位置づけた。
新型ＩＣＢＭ開発の可能性をうかがわせる要素は、発射以前からあった。具体的には、２４年９月に金正恩総書記が視察した模様が報じられた移動式発射台（ＴＥＬ）の変化だ。
北朝鮮からの報道に映っていたのは、従来の左右に１１個ずつの２２個の車輪で動く「１１軸車両」のＴＥＬではなく、左右に車軸が１２、車輪が２４ある「１２軸車両」のＴＥＬだった。
ＴＥＬの大型化は、ミサイル自体の大型化によって飛距離を伸ばす新型ＩＣＢＭの開発を示唆していた。
１０月３１日のＩＣＢＭは水平の距離にして約１０００キロメートルを飛び、北海道の奥尻島沖の西方約２００キロメートル、日本の排他的経済水域（ＥＥＺ）外の日本海に落下した。正常角度（３０～４５度）で飛ばした場合、射程は「最大で１万８０００キロ」（日本政府高官）に及ぶという。
この距離で平壌から同心円を描くと、米国全土はもとより、欧州全域、さらにはアフリカ大陸とオーストラリアも収まる。
ミサイルの射程は弾頭の重量によって変わるが、北朝鮮は既に核弾頭の小型化に成功していると言われる。
「火星１９」が実戦配備されれば、中距離弾道ミサイルの射程内にある韓国や日本だけでなく、南太平洋や欧州に位置する米国の同盟国全てに、北朝鮮は核攻撃を仕掛ける能力があることを示したと言える。
もちろん、北朝鮮はまだ正常角度での発射実験を行っていないため、大気圏を越えてから再突入する際に生じる高温などに耐え得るのかどうかは確認されていない。
今後、正常角度での発射実験を含め、実戦に使えるかどうかの検証が行われると見られるものの、北朝鮮のミサイル技術が着実に進化していることは間違いない。
北朝鮮では、核兵器製造のための材料となるウランが豊富に産出する。核兵器もミサイルも、他国に依存することなく独自に技術を向上させてきた分、外からの制御が利きにくい。
日本政府高官は「北朝鮮が独自に、ここまで技術を高めるとは、３０年前に核危機が起きた時には予想していなかった」と危機感をあらわにする。


１９９４年に北朝鮮の核開発疑惑が露見した際、ＮＰＴ（核不拡散条約）体制の崩壊を懸念する米国のビル・クリントン政権は、北朝鮮の核施設に対する空爆の検討までしていた。
日本ではちょうど、９３年の総選挙の結果、自民党が比較第１党でありながら野党に転落し、８党会派による細川護熙政権、少数与党となった羽田孜政権、そして自民党が政権復帰を果たすために社会党の村山富市委員長を担いだ自民、社会、新党さきがけの３党連立の村山政権と続き、政治の安定が揺らいでいた時期だった。
９４年の核疑惑では最終的に、クリントン大統領と同じ民主党のジミー・カーター元大統領が北朝鮮を訪問し、米朝枠組み合意をまとめて、武力行使という事態を回避した。
米朝枠組み合意は、北朝鮮がプルトニウムを容易に作ることのできる黒鉛減速炉型の原子力発電所を放棄し、核兵器製造に転用しにくい軽水炉型の原発を建設することが柱だった。軽水炉の建設と、その完成までのエネルギー支援としての重油の提供を、米国、日本、韓国が提供することになり、実施機関として朝鮮半島エネルギー開発機構（ＫＥＤＯ）が設立された。
しかし、米朝枠組み合意は、北朝鮮が黒鉛炉から出た使用済み核燃料に関する国際原子力機関（ＩＡＥＡ）の査察を拒否するなどしたため、有名無実となっていった。
２００２年には、北朝鮮がウランによる核開発を進めていたことが露見した。
ＫＥＤＯは０５年に解散を決め、１０年近くに及んだ米朝枠組み合意は、北朝鮮が核開発を進めるための時間稼ぎに使われただけだという評価が定まった。
０３年に北朝鮮の核開発問題を解決するために米国、中国、韓国、日本に加え、ロシアも参加した「６か国協議」が設立された時は、北朝鮮の後ろ盾だった中国が、それまで国際社会で役割を果たすことに後ろ向きだった態度を改め、６か国協議を主導することへの意欲を示すようになった。
中国の積極姿勢もあって、核・ミサイル問題の解決に向けた前進が期待された６か国協議も、北朝鮮が時にのらりくらりと、時にあえて合意に違反する行為を繰り返すことで条件闘争に持ち込もうとする得意の「瀬戸際戦術」による時間稼ぎの前に、機能不全に陥った。
印象的だったのは、６か国協議設立時の第４３代ジョージ・Ｗ・ブッシュ政権のアジア担当高官が当時、「北朝鮮のような独裁体制は、あと１０年も持たない。米国が体制転覆を仕掛けなくても、６か国協議を続けている間、北朝鮮を封じ込めることができ、やがて体制が崩壊する」と予測していたことだ。
いわば、時間稼ぎをしていたのは北朝鮮というより、米国だったことになる。
当時の米国には、西側からの情報流入で国民が目覚め、冷戦終結を加速させた１９８０年代末の東欧諸国の例が、北朝鮮にも当てはまるという考え方が根強くあった。
一方で、核開発に着手した北朝鮮の
金日成
国家主席もまた、東欧諸国の歴史に学んだことを後継者に継承していた。
よく知られているのは、冷戦期にルーマニアで独裁的な振る舞いを続けていたニコラエ・チャウシェスク大統領が民主化へのうねりの中で処刑されたことに金日成主席が驚き、強力な対抗手段として核兵器保有が必要だという考え方になったとされる逸話だ。
９４年の金日成主席の急逝後、最高権力の座を世襲した
金正日
総書記も、父の発想と路線を継承した。
この間、冷戦後の東欧諸国のような変化が北朝鮮に起きなかったのは、厳しい情報統制が一定の効果をあげていたことや、「目上の者には逆らわない」といった儒教文化から来る国民性が理由だとする分析がある。
東欧との比較で社会的な違いを軽視しがちだった米国が、枠組み合意や６か国協議を通じて「北朝鮮にとってマイナスの時間稼ぎ」をした結果、かえって北朝鮮に核兵器や弾道ミサイルの開発を進める「時間稼ぎ」をさせてしまったのは、皮肉としか言いようがない。
２０１１年暮れ、金正日総書記が亡くなり、三男の金正恩氏が後継者として登場した時は、スイスで学んだ経歴や若さに対し、独裁体制から開明的な路線への変化が起きるのではないかと期待する声が国際社会では出ていた。
この期待も、的外れであったどころか、完全な読み違いであったことは、その後の北朝鮮の振る舞いを見れば一目瞭然だろう。
例えば、金正日政権下（１９９４～２０１１年）と金正恩政権下（２０１２年～）の核実験の回数と弾道ミサイルの発射数を比較すると、金正日政権時代は、北朝鮮として初となった０６年を含む２度の核実験と、１６発の弾道ミサイル発射が行われた。
これに対し、金正恩政権は１２年以降で核実験が４度、弾道ミサイル発射は冒頭で記した２４年１０月３１日のものを含めて１９３発に及ぶ。
ミサイル発射には、鉄道、潜水艦から発射する探知困難なものや、極超音速ミサイルも含まれている。


米国の対応は、どうだったろうか。
クリントン政権（１９９３～２００１年）、第４３代ブッシュ政権（０１～０９年）、バラク・オバマ政権（０９～１７年）のいずれも、「悪行に報酬は与えず」の姿勢で、北朝鮮との首脳会談を避けてきた。
「金王朝」の体制保持が、国民の幸福や繁栄以上の最大の目標だとされる北朝鮮にとって、体制の安全は中国による保証だけでは不十分だった。
朝鮮戦争を戦った北朝鮮と韓国は長い「休戦状態」にあるだけで、戦争は正式には終わっていない。「国連軍」として韓国を支援した米国が北朝鮮トップの「斬首作戦」をしないと約束し、平和条約を結び、国交を樹立し、経済支援などを行うことにこそ、保証の核心があると、３代続く金政権は考えてきた。
だからこそ、北朝鮮にとって米朝首脳会談の実施は体制保証への極めて大きなステップと考えられていて、その裏返しとして、米国にとって首脳会談は、北朝鮮からの譲歩を引き出すための重要なカードだった。
１８年、トランプ米大統領はそのカードを驚くほどあっさりと切ったが、北朝鮮の核開発・ミサイル開発の問題は解決に至らなかった。
とはいえ、前向きに見える動きがなかったわけではない。初の米朝首脳会談があった１８年に、北朝鮮は核実験も弾道ミサイルの発射も行わなかった。核施設の一部を破壊する「パフォーマンス」も見せた。
１８年６月にシンガポールで行われた初の米朝首脳会談に続き、１９年２月にはベトナム・ハノイで第２回首脳会談が行われたが成果なく、同年６月にトランプ大統領が韓国を訪れ、板門店で３回目の米朝首脳会談を行った。この際、トランプ大統領は板門店の南北軍事境界線を歩いて越え、北朝鮮側に足を踏み入れ、「歴史的瞬間」をアピールした。
結局、北朝鮮の核施設の廃棄を求める米側と、米国の経済制裁の即時解除を求める北朝鮮との思惑はすれ違い、３度にわたる米朝首脳会談も北朝鮮の問題を解決する触媒にすらならなかった。
むしろ、トランプ政権の対応に失望した金正恩総書記は、１９年に２５発の弾道ミサイル発射を再開し、その後、新型コロナウイルスの感染拡大などもあって頻度は一時的に低下したものの、２０年大統領選でトランプ大統領が敗れた後、ジョー・バイデン政権の２２年には、過去３０年間で最多となった５９発の弾道ミサイルを発射している。
先行きに対する深い洞察や戦略が不十分のまま、安易に首脳会談というカードを切ったことが逆に北朝鮮を暴走させてしまったという自覚がなければ、２期目のトランプ政権は同じ過ちを繰り返すかもしれない。


２０２２年から隣国のウクライナへの侵略を続けているロシアの弾薬不足、兵員不足に乗じてロシアとの関係を急速に緊密にした北朝鮮は、武器・弾薬のロシアへの供与にとどまらず、とうとう、北朝鮮軍兵士のロシア派遣にまで踏み込んだ。
２４年６月に平壌で行われたロシアのウラジーミル・プーチン大統領と金正恩総書記との首脳会談で合意した「包括的戦略パートナーシップ条約」に基づく派兵と見られている。
同条約をめぐっては、北朝鮮側が露朝の軍事同盟の樹立であるとの見解を示したのに対し、ロシアは「同盟」という言葉は使っておらず、温度差がある。
それでも北朝鮮が、ロシア議会による同条約の承認を経ていない段階で派兵に踏み切ったのは、ロシアからの「見返り」に期待した側面が強い。
ウクライナのウォロディミル・ゼレンスキー大統領は２４年１１月７日、ハンガリーのブダペストで開かれた「欧州政治共同体（ＥＰＣ）」首脳会議の後の記者会見で、北朝鮮軍の兵士約１万１０００人がロシアに送り込まれていると明言した。
また、ウクライナがロシアに対する越境攻撃で一部地域を占領したロシア西部クルスク州で、ロシアの領土奪還を図る戦闘に北朝鮮兵が参加し、「損害」を受けたとの見方を示した。北朝鮮兵に死傷者が出ているとの情報もある。
事態は既に、不可逆的に進んでいる。その中で北朝鮮がロシアからの経済支援、食料支援に加えた軍事面での「見返り」として求めているものは、２１年１月の朝鮮労働党大会で金正恩総書記が「国防工業を飛躍的に強化して発展させるための中核的な構想と重大な戦略的諸課題」として触れた装備、つまり、開発途上にあるか、性能を一層高めようとしている装備ではないかと見られている。
その中で日本や韓国などの周辺国のみならず、国際社会全般にとって脅威になりそうなのが、原子力潜水艦と多弾頭個別誘導技術だ。
北朝鮮は既に、潜水艦からの弾道ミサイル発射実験を行っていて、ロシアから原潜を提供されるなり、建造技術を教えられるなりすれば、「核の脅し」はあらゆる国に対して利いてくる。
多弾頭個別誘導技術は、ミサイルの弾頭に搭載された爆弾が複数に分かれ、別々のターゲットを狙うために必要となるもので、軍事面での威力は飛躍的に高まると見られる。ロシアは既にこの技術を確立しているとされる。
日本政府高官は「ロシアが技術の核心部分を北朝鮮に簡単に手渡すことはないはずだ。ただ、スペックを落として供与する可能性は高い。米国が同盟国に装備を提供する手法と同じで、例えば同じ戦闘機でも性能を少し落とし、ブラックボックスを残し、米軍でなければ修理も点検もできないようにしておく。それでも、北朝鮮が独自に開発しようとすれば完成に数年かかる装備が、ただちに提供されることは大きい」と警戒する。
露朝の関係が急速に縮まり、欧米諸国の懸案であるウクライナ情勢にも影響が出ていることで、これまで北朝鮮問題に対する関心が低かった欧州諸国も、北朝鮮の脅威に対する見方を改めるようになっている。
それでも、日本や韓国が長年持ち続けてきた脅威認識とは、まだギャップがあるように見える。
",2024-11-23 10:10:13,Security & Diplomacy
元「ミスター慶応」人気俳優　３６歳の姿にファン混乱「なんてこった…」「どうしたの」「身体に目が」,https://www.yomiuri.co.jp/culture/hochi/20241113064-OHT1T51085/,No Date,No Title Content,No Content,2024-11-23 10:10:23,Culture & Entertainment
［スキャナー］露朝「軍事条約」批准、米を意識の同盟復活へ…プーチン氏は西部奪還急ぐ,https://www.yomiuri.co.jp/world/20241112-OYT1T50215/,No Date,No Title Content,No Content,2024-11-23 10:10:31,Security & Diplomacy
レベル拮抗する日韓のハンドボールリーグが業務協力…王者同士の試合、交流戦など今後検討,https://www.yomiuri.co.jp/sports/etc/20241112-OYT1T50148/,2024/11/12 17:44,レベル拮抗する日韓のハンドボールリーグが業務協力…王者同士の試合、交流戦など今後検討,"日本ハンドボールリーグ（ＪＨＬ）は１２日、韓国リーグ「Ｈリーグ」との業務協力を目的とした覚書を締結したと発表した。
両国のトップリーグが協力することでハンドボールの普及と発展を目指すもので、９日にソウルでＪＨＬの中村和哉代表理事と韓国連盟の副会長が出席し、署名式が行われた。
覚書に基づいて両国リーグ間で具体的な取組の内容について協議、検討していくことになるが、今秋開幕した日本の新リーグ「リーグＨ」との王者同士によるクラブ選手権や、交流戦の開催などの実現を今後検討していくという。
昨年の女子五輪アジア予選では、韓国が日本と競り合って出場権を獲得するなど昨今、両国のレベルは拮抗している。男子は日本が出場を果たしたが、韓国は逃している。ハンドボールは欧州が盛んでリーグのレベルも圧倒的に高い。日韓両リーグの協力で、アジアのハンドボールの発展と底上げが期待される。",2024-11-23 10:10:39,Sports
成田凌、クォン・ウンビから“巨大キンパ”贈られる「怖いね、すばらしい…！」ｉｍａｓｅと感激,https://www.yomiuri.co.jp/culture/hochi/20241110064-OHT1T51111/,No Date,No Title Content,No Content,2024-11-23 10:10:49,Culture & Entertainment
トランプ次期大統領に備える中国、インドや日本に外交攻勢…イーロン・マスク氏にも働きかけ,https://www.yomiuri.co.jp/world/20241110-OYT1T50007/,2024/11/10 09:14,トランプ次期大統領に備える中国、インドや日本に外交攻勢…イーロン・マスク氏にも働きかけ,"【北京＝吉永亜希子】中国の
習近平
政権は、米国のトランプ次期大統領に対応する準備を加速させている。米中関係が不安定になれば中国経済にマイナス影響が懸念される中、欧州や日韓と関係改善を図り、新興・途上国「グローバル・サウス」の取り込みを進める方針だ。
中国政府の内情に詳しい関係者によると、米大統領選の結果が出た６日、党中央による会議が開かれた。習近平国家主席も出席し、トランプ氏の大統領就任がロシアのウクライナ侵略やパレスチナ自治区ガザの情勢に与える影響の分析が行われ、台湾問題や対中高関税への対応策を協議した。
「ディール（取引）」を好むトランプ氏と関税率などの協議ができる環境を整えるため、中国の一部電気自動車（ＥＶ）メーカーが米国で工場を新設することを許可する方針が確認された。
新政権とのパイプ作りのため、中国政府との関係が良好でトランプ氏に近い米実業家イーロン・マスク氏にも働きかける。中国の
李強
首相は上海市トップの市党委員会書記だった２０１８年、マスク氏が最高経営責任者（ＣＥＯ）を務めるＥＶ大手テスラの工場を誘致した。その後もたびたび会談しており、「２人の親交は中国政府にとって好材料」と判断されている。
ただ、トランプ政権で外交・安全保障や通商の対中政策を担うとみられる高官は、強硬派が勢ぞろいしている。米メディアが国務長官候補に挙げるロバート・オブライエン元国家安全保障担当大統領補佐官、親台派のマルコ・ルビオ上院議員らは２０年以降、相次いで中国政府から入国禁止の制裁対象となっている。
バイデン政権は、中国との対話を重ねて競争を管理する方針を掲げてきた。トランプ次期政権の高官の顔ぶれ次第では、そもそも対話が成立するかどうかすら不透明だ。",2024-11-23 10:10:56,Politics & Governance
高速船浸水隠し　安全二の次…運航再開　高いハードル,https://www.yomiuri.co.jp/commentary/20241106-OYT8T50125/,No Date,No Title Content,No Content,2024-11-23 10:11:03,Other
トランプ氏勝利に期待するプーチン・ネタニヤフ氏、ハリス氏を望むゼレンスキー氏…各国指導者の思惑は,https://www.yomiuri.co.jp/world/uspresident/20241106-OYT1T50035/,2024/11/06 07:10,トランプ氏勝利に期待するプーチン・ネタニヤフ氏、ハリス氏を望むゼレンスキー氏…各国指導者の思惑は,"５日に投票が始まったアメリカ大統領選挙の結果は、世界情勢に大きく影響する。各国指導者の思惑をまとめた。


ロシアのプーチン大統領は、共和党のトランプ前大統領の勝利に期待しているとみられる。侵略するウクライナに対する軍事支援に否定的で、当選すれば来年１月の就任までに和平を実現すると主張しているからだ。ロシアがすでに占領したウクライナ領の割譲を条件に、停戦に持ち込む案が取りざたされている。
ウクライナのウォロディミル・ゼレンスキー大統領はウクライナ支援を主導してきたバイデン政権の路線を踏襲する構えの民主党候補ハリス副大統領の当選を望んでいるのは間違いない。１０月３１日、「（次期米大統領によって）もし支援が弱まれば、ロシアは更に領土を奪い、我々がこの戦争に勝つことはできなくなるだろう」とＳＮＳに投稿した。
トランプ氏が当選した場合、米国から妥協を迫られかねない。ゼレンスキー氏は「我々の立場は領土を巡る妥協ではなく、米国の関与が維持されることに依拠した外交的手段の可能性を探るものだ」として、外交的解決を目指す上でも米国の後ろ盾が不可欠だとの考えを示した。


パレスチナ自治区ガザやレバノンで戦闘を続けるイスラエルのベンヤミン・ネタニヤフ首相らがトランプ氏の当選を望んでいるのは「公然の秘密」だ。
トランプ氏は前回の任期で国際的に認められていないエルサレムを首都と認定して大使館を移すなど極端な親イスラエル政策を取ったのに対し、ハリス氏は選挙期間中、イスラエルへの武器供与停止をにおわせたためだ。
イスラエルの民放「チャンネル１３」は９月、ネタニヤフ氏が非公開の場で「トランプ氏は我々が直面している難問を理解してくれるが、もう一方は問題となるだろう」と語ったと報じた。首相府は否定したが、本音とみられている。パレスチナ自治政府高官は取材に対し、「トランプ氏が当選したら悪夢の再来になる」と懸念を口にした。


中国の
習近平
政権の内情に詳しい関係者によると中国政府は、予測不能なトランプ氏の返り咲きに備え、対応を協議している。
トランプ氏が公言する対中関税の引き上げが６０％に達すれば中国経済にとって大打撃だ。中国産品を輸入する米企業からの反発も見越し、それを利用して通商協議に持ち込みたい考えだ。
安全保障面では、バイデン政権下で進められた同盟国との協力関係や対中包囲網が揺らぐとみている。トランプ氏は日本や韓国に対して駐留米軍の費用負担の増額を求める可能性がある。そうなれば日韓の切り崩しを図ることも予想される。
北朝鮮は、米大統領選で「誰が政権を握っても、米国という国家そのものを相手にする。国家の自衛権について誰とも交渉しない」（
金星
国連大使）と主張しており、結果にかかわらず核・ミサイル開発を進める構えを強調した。
金正恩
朝鮮労働党総書記は２０１８年に史上初の米朝首脳会談を行ったトランプ氏との再交渉に期待しているとの見方がある。朝鮮中央通信は７月、「首脳間の個人的な親交関係」があったと言及していた。",2024-11-23 10:11:17,Politics & Governance
皇室典範に勧告　歴史や伝統を無視した発信だ,https://www.yomiuri.co.jp/editorial/20241104-OYT1T50090/,2024/11/05 05:00,皇室典範に勧告　歴史や伝統を無視した発信だ,"皇位継承のあり方は、国家の基本にかかわる事柄である。その見直しを国連の名の下に、付属機関で活動している個人が要求してくるとは、筋違いも甚だしい。
国連の女子差別撤廃委員会が、皇位継承を「男系男子」に限っている皇室典範について、男女平等を保障する内容に改めるよう、日本政府に勧告した。
勧告は、皇位継承のあり方を「女性に対するあらゆる差別を禁じた女子差別撤廃条約の趣旨に反している」と主張している。
日本の皇室制度は長い歴史の中で培われてきた。男系男子による皇位継承は、今上天皇を含めて１２６代にわたる。また、一時的に女性が天皇になった例もある。
王室や皇室のあり方は、それぞれの国の伝統や国柄が反映されており、尊重されねばならない。
委員会は、２３か国の専門家で構成されている。今回の勧告は、ネパールの委員がまとめたものだ。勧告に法的拘束力はないが、この発信は、あたかも皇室典範に女性差別があるかのような誤った印象を広げる恐れがある。
政府が委員会に抗議し、皇室典範に関する記述の削除を求めたのは当然だ。国際社会に対し、勧告が日本の皇室制度の特徴を何ら理解せず、誤解に基づくものだと説明していくことも欠かせない。
そもそも憲法は、天皇の地位について「国民の総意に基づく」と定めている。皇室をどう安定的に維持していくのかは、国民が考えて決めるべき問題である。
勧告はまた、選択的夫婦別姓の導入も注文した。
法制審議会が１９９６年に選択的夫婦別姓の導入を答申して以来、国内ではその是非について議論が続いている。先の自民党総裁選でも論戦のテーマとなった。
夫婦が別々の姓を名乗ることになれば、社会や家族のあり方に大きな影響を及ぼす。子供は、父親か母親と別の姓になるという問題も無視できない。導入の是非については慎重に検討すべきだ。
このほか委員会は、日韓両国が２０１５年に「最終的かつ不可逆的な解決」を確認した慰安婦合意について、賠償請求への対応を求めた。かつては合意自体を「解決していない」と否定していた。
合意に基づき、日本政府は、韓国が設立した元慰安婦支援のための財団に１０億円を拠出した。その財団から、多くの元慰安婦が支援金を受け取っている。
２国間の合意にまで口を出すとは、あきれてものが言えない。",2024-11-23 10:11:26,Other
朝鮮通信使　再現鮮やか,https://www.yomiuri.co.jp/local/okayama/news/20241104-OYTNT50049/,2024/11/04 05:00,朝鮮通信使　再現鮮やか,"
「瀬戸内牛窓国際交流フェスタ２０２４」（実行委員会主催）が３日、瀬戸内市牛窓町で開かれた。江戸時代に来日した朝鮮王朝からの外交使節団「朝鮮通信使」の再現行列では、通信使などに
扮
した日韓の市民や学生ら約１５０人が港町を歩き、観光客を魅了した。
朝鮮通信使は江戸時代に１２回来日し、うち９回、牛窓港に寄港したとされる。民族衣装チマチョゴリなど色鮮やかな衣装に身を包んだ一行は、港近くの出島公園を発着点とする約２・５キロを韓国の伝統楽器「プク」や「チャング」を演奏しながら行進。沿道の観光客らは日韓両国の国旗を振りながら、「こんにちは」「アンニョンハセヨ（韓国語のあいさつ）」などとあいさつを交わし、交流を楽しんだ。
行進終了後には、通信使の正使役を務めた李相烈・駐神戸韓国総領事と藩士役の武久顕也・瀬戸内市長が“国書”を交わして友好を確かめ合った。
公園内には韓国の伝統芸能などを披露するステージのほか、出店も並び、多くの観光客が韓国の文化や食を満喫した。
初めて再現行列を見たという、美作市の男性（８２）は「とてもにぎやかで驚いた。本や資料だけでは行列のにぎやかさはわからない。見ることができてよかった」と話した。",2024-11-23 10:11:34,History & Heritage
新羅琴、日韓交流の賜物…朝鮮半島から伝来の伽耶琴と同じ起源,https://www.yomiuri.co.jp/local/kansai/news/20241031-OYO1T50052/,2024/10/31 15:00,新羅琴、日韓交流の賜物…朝鮮半島から伝来の伽耶琴と同じ起源,"奈良国立博物館（奈良市）で開催中の「第７６回正倉院展」（特別協力・読売新聞社）に出展されている弦楽器「
新羅琴
」は、韓国を代表する伝統的な民族楽器・
伽耶琴
と同じ起源を持つ。韓国に１０００年以上前の古い伽耶琴は残っておらず、伽耶琴奏者らも注目している。（橿原支局長　関口和哉）
新羅琴は古代の朝鮮半島・新羅から伝わった音楽「新羅楽」に用いられた１２弦の琴。弦を固定させる「
緒留
」が、特徴的な羊の耳形をしている。正倉院宝物の目録「
国家珍宝帳
」に２件が記されているが、いずれも平安時代の８２３年に出蔵され、２か月後に別の琴が代納された。そのうち１件が今回の正倉院展に出展されている。
伽耶琴は、３～６世紀に半島南部にあった小国群「伽耶」で作られ始めた。伽耶が滅んだ後も新羅で使い続けられた。韓国・慶州の６世紀半ばの古墳から出土した装飾
壺
に伽耶琴を弾く男性像が表されている。
現在伝わる伽耶琴は「新羅琴」と同じ１２弦で、緒留の形は違う。指を使って演奏し、繊細な音色がする。奈良時代に新羅を通して日本に伝わった伽耶琴が、「新羅琴」と呼ばれるようになったと考えられている。
韓国・全羅南道出身で大阪市在住の伽耶琴奏者、
元京愛
さん（６８）は「正倉院に古い伽耶琴が伝わっていると知り、驚いた。古代からの韓日交流の
賜物
。ぜひ正倉院展を訪れ、現物を見てみたい」と話している。
◆古代の朝鮮半島＝
４～７世紀、朝鮮半島は東部の新羅、西部の百済、北部の高句麗の３国が分立し、
倭
（日本）を巻き込んで抗争を繰り広げ、三国時代と呼ばれた。南部の伽耶（
任那
）は、倭と活発に交流していたが、５６２年に新羅に滅ぼされた。",2024-11-23 10:11:42,Culture & History
最新号目次,https://www.yomiuri.co.jp/choken/quarterly/20241003-OYT8T50078/,2024/10/31 14:00,最新号目次,"■
ＦＯＣＵＳ
「独裁国の『弧』抑止へ、クアッドの連帯と日本のリーダーシップが必要」スコット・モリソン・豪前首相

■【視座】
「ルイスの転換点」再び？／林田晃雄


■特集１　インド太平洋の平和を守る■
■危機の時代に求められる国家戦略／伊藤徹也


■特集２　変革の時を迎えた日本■
",2024-11-23 10:11:49,Other
"야스쿠니 참배했는데…외교부, 사도광산 추도식 日대표 수용",https://www.joongang.co.kr/article/25294165,"업데이트
2024.11.23 00:31","야스쿠니 참배했는데…외교부, 사도광산 추도식 日대표 수용","사도광산의 도유 갱도. 갱도 안에는 작업하는 65개의 사람 모형이 있다. 사람이 다가가면 센서가 작동해 인형들이 “술 마시고 싶다” 같은 말을 하기도 한다. 광산의 한반도 출신 노동자 관련시설 유적지 안내도. 김현예 특파원
일본 정부가 오는 24일 개최되는 ‘사도광산 추도식’에 야스쿠니 신사 참배 이력이 있는 인사를 파견하기로 한 데 대해 한국 정부가 이를 사실상 수용하겠다고 밝혔다. 이대로라면 강제 노역의 역사를 기억한다는 사도광산 추도식의 의미가 퇴색할 수 있다는 지적이 나온다. 이에 더해 일본 정부 대표의 추도사 메시지에 따라 유네스코 문화유산 등재 결정 당시 ‘전체 역사를 반영한다’는 한·일 간 합의 자체가 무색해질 수 있다는 우려도 제기된다.
외교부는 22일 오후 9시쯤 “정부는 진정성 있는 사도광산 추도식 개최를 위해 일본 정부의 고위급 인사 참석이 필요하다는 점을 일본 측에 강조해왔다”면서 “일본이 이를 수용해 차관급인 외무성 정무관이 추도식에 참석하게 됐다. 그는 일본 정부 대표로서 추도사를 하게 될 것”이라고 밝혔다.
앞서 일본 외무성은 이날 오전 “이쿠이나 아키코(生稲晃子) 정무관이 23~24일 이틀 간의 일정으로 사도시를 방문한다”며 “방문 기간 (사도광산)추도식에 참석하고 사도광산 시찰 등을 할 예정”이라고 발표했다. 일본 외무성 정무관은 외무상과 부대신 바로 아래 직책으로, 한국의 차관급에 해당하는 인사다.
일본 사도광산 추도식 실행위원회는 24일 오후 1시 일본 니가타현 사도시 아이카와개발종합센터에서 ‘사도광산 추도식’을 개최한다. 추도식에는 강제징용 피해자 유족 11명도 참석할 예정이다.
한국 정부는 그간 일본 중앙 정부 차원의 고위급 인사 참석을 일본 측에 요구해왔다. 일본 정부는 참석 인사에 대한 발표를 차일피일 미뤄오다가 추도식 이틀 전인 이날 오전 이쿠이나 정무관의 참석을 공개했다. ‘기습 발표’나 다름 없었다.
문제는 이쿠이나 정무관의 과거 언행이 사도광산 추도식에는 어울리지 않는 인물이란 점이다. 아이돌·배우 출신의 이쿠이나 정무관은 2022년 참의원(상원) 의원으로 처음 당선됐다. 참의원 당선 직후인 2022년 8월 15일(일본 측 패전일)에 태평양 전쟁 A급 전범이 합사된 야스쿠니신사를 참배했다. 그는 또 언론 인터뷰에서 강제징용·일본군 위안부 문제와 관련해 “한국이 더 양보해야 한다""고 답변하기도 했다.
그는 이달 출범한 이시바 시게루 2기 내각에서 외무성 정무관으로 임명됐다. 외무성에는 이쿠이나 외에도 마츠모토 히사시·에리 아르피야 등 두 명의 정무관이 더 있다.
외교가에선 일본이 추도식이 임박한 시점에 과거사 문제에 대해 부적절한 언행을 한 인사를 정부 대표로 내세운 것 자체가 추도식의 취지를 흐리려는 의도 아니냐는 목소리가 나온다. 지난 7월 사도광산의 유네스코 문화유산 등재 당시 합의의 정신을 어긴 것이란 비판도 나온다.
정부는 2015년 군함도(端島·일본명 하시마) 근대산업시설의 세계문화유산 등재 때는 일본 측에 말로 성과를 얻어냈지만, 이번 사도광산 합의는 행동을 얻어냈다는 점에 방점을 찍어왔다. 군함도 등재 당시 정부는 협상 등을 통해 일본에 “조선인들이 자기 의사에 반해(against their will) 동원돼 강제로 노역(forced to work)했다”는 점을 문서로 받아냈다.
올해 7월 사도광산의 유네스코 문화유산 등재 결정 당시 일본 측은 ‘강제징용이 포함된 전체 역사를 반영해야한다’는 한국 측의 요구를 받아들였다고 정부는 설명했다. 이에 따라 강제노역과 관련한 전시물을 설치하고 매년 추도식을 열기로 합의했다고 덧붙였다.
당시 한국이 반대한다면 21개 위원국의 전원 합의(컨센서스) 방식으로 의결이 불가능한 상황이었다. 당시 외교부 당국자는 “어려운 과정 끝에 가까스로 한일 간 합의가 막판에 이뤄졌다”고 설명했다.
그러나 이후 추도식 이행 과정에서 일본 정부가 소극적인 태도를 보이면서 당시 합의의 의미를 축소하려는 것 아니냐는 지적이 나온다. 외교부가 이날 오후 언론 브리핑을 진행 하려다가 돌연 취소한 것도 이런 당혹감을 반영한 것이라는 해석을 낳았다.
그럼에도 외교부는 22일 밤 늦게 ‘정부의 고위직 참석 요구에 대한 일본 측의 수용’에 방점을 둔 공식 입장을 냈다. 일본 측 입장을 사실상 받아들이는 결정을 한 셈이다. 이는 정부가 이틀 앞으로 다가온 추도식이 무산되는 것보다는 이를 강행하는 것이 낫다고 판단했다는 의미일 수 있다. 추도식에는 한국 측에선 박철희 주일본 한국대사도 참석한다.
이쿠이나 정무관의 과거 언행으로 볼 때 24일 그가 발표할 추도사에 담길 일본 정부의 메시지는 더 큰 뇌관이 될 거란 시각도 있다.
일본 정부가 사도광산에 끌려가 강제노역을 한 한국인 피해자를 기리는 표현이나 최소한 이전 정부의 사죄·반성 태도를 계승한다는 취지의 발언조차 없다면, 이는 ‘안 하느니만 못한’ 추도식이 될 여지도 있다.
특히 유네스코 세계문화유산 등재에 관한 축하나 감사 표현만 담긴다면 유족들이 크게 반발할 여지가 있다. 유족이 참석한 가운데 한·일 정부 관계자가 사도광산 노역의 강제성을 희석하는 자리가 될 수도 있다.
앞서 올해 7월 세계유산위원회 회의에서 한국을 포함한 위원국 21개국의 전원 합의(컨센서스)로 사도광산이 세계문화유산으로 등재됐다. 일본은 “전체 역사를 반영하라”는 한국의 요구에 따라 사도광산 인근의 아이카와 향토박물관에 강제노역 관련 전시물을 설치했고 매년 추도식도 열기로 했다.
박현주·이유정 기자  park.hyunju@joongang.co.kr",2024-11-23 10:12:42,Security & Diplomacy
"尹, 남미순방 마치고 귀국…""당 지도부 공항 안 나와도 된다""",https://www.joongang.co.kr/article/25293716,"업데이트
2024.11.22 10:46","尹, 남미순방 마치고 귀국…""당 지도부 공항 안 나와도 된다""","윤석열 대통령이 아시아태평양경제협력체(APEC)와 주요 20개국(G20) 정상회의 일정을 마치고 21일 이른 오전 서울공항을 통해 귀국했다. 부인 김건희 여사는 이번 순방에 동행하지 않았다.
서울공항에는 이상민 행정안전부 장관, 정진석 대통령비서실장, 홍철호 정무수석, 김홍균 외교부 제1차관 등이 나와 윤 대통령을 맞이했다.
윤석열 대통령이 21일 31차 아시아태평양경제협력체(APEC) 및 19차 주요 20개국(G20) 정상회의 일정을 마친 뒤 성남 서울공항에 도착, 전용기인 공군 1호기에서 내려 마중 나온 정진석 비서실장과 인사하며 시계를 보고 있다. 연합뉴스
한동훈 국민의힘 대표와 추경호 원내대표는 이날 공항에 나타나지 않았다. 이에 대해 대통령실은 “대통령께서 이른 새벽에 도착하는 상황을 고려해 수고스럽게 공항에 안 나와도 된다고 정무수석을 통해 당에 알렸다”고 설명했다.
공군 1호기에서 내린 윤 대통령은 영접 인사들과 차례로 인사했다. 윤 대통령은 이 장관의 어깨를 두들기며 인사하고, 정 실장과는 손도 맞잡았다.
윤 대통령은 홍 수석과 짧게 이야기 나눈 뒤 차량에 탑승해 공항을 떠났다.
윤석열 대통령이 21일 31차 아시아태평양경제협력체(APEC) 및 19차 주요 20개국(G20) 정상회의 일정을 마친 뒤 성남 서울공항에 도착, 전용기인 공군 1호기에서 내려 마중 나온 정진석 비서실장과 인사하며 시계를 보고 있다. 연합뉴스
지난 14일 출국한 윤 대통령은 5박 8일 순방 기간 페루 리마에서 열린 아시아태평양경제협력체(APECㆍ아펙) 정상회의와 17일부터 브라질 리우데자네이루에서 열린 주요 20개국(G20) 정상회의에 참석했다.
윤 대통령은 이번 다자외교 무대에서 러시아와 북한의 불법적 군사협력을 강력히 규탄했고, 러북 군사협력의 즉각적인 중단을 위해 국제사회가 함께 힘을 모아야 한다고 역설했다.
아울러 한국이 글로벌 중추국가로서 개발 격차 완화 등 지속 가능하고 포용적인 성장을 위해 책임 있는 역할을 다하겠다는 메시지도 국제사회에 전했다.
윤 대통령은 이번 다자회의 기간에 한미일 정상회의, 한중ㆍ한일 정상회담도 잇따라 열어 북한의 도발과 러시아 파병을 비롯한 역내외 정세 대응 방안을 논의했다.
조문규 기자 chomg@joongang.co.kr",2024-11-23 10:12:56,Other
"[속보] '사도광산 추도식', 24일 日사도시서 개최",https://www.joongang.co.kr/article/25293500,"업데이트
2024.11.20 16:21","[속보] '사도광산 추도식', 24일 日사도시서 개최","유네스코 세계유산으로 등재된 일본 니가타현 사도 광산 내부. 연합뉴스
일제강점기 일본 니가타현 사도광산에서 강제 노역한 조선인 등 노동자를 추도하는 행사가 24일 사도시에서 열린다.
일본 사도광산 추도식 실행위원회는 오는 24일 사도섬 서쪽에 있는 사도시 아이카와개발종합센터에서 '사도광산 추도식'을 연다고 20일 공식 발표했다.
일본 측에서는 실행위원회 관계자, 지방자치단체 관계자, 민간단체와 중앙정부 관계자가 추도식에 참석한다. 한국에서는 강제동원 피해자 유가족과 정부 관계자가 참석한다.
추도식은 지난 7월 유네스코 세계유산위원회에서 사도광산이 세계유산으로 등재될 때 일본이 한국과 합의를 통해 약속한 후속 조치다.
앞서 추도식은 이르면 9월쯤 개최될 것으로 알려졌다. 하지만 일본 집권 자민당 총재 선거와 중의원 선거(총선) 등 정치 일정 등으로 미뤄져 이달 하순에 개최되게 됐다.
일본 언론은 지난달 하순 추도식 일정을 보도했으나, 예정일인 이달 24일 직전까지도 공식 발표가 나오지 않았다. 이에 한일 양국이 행사 명칭과 참석자 등을 두고 갈등을 빚고 있다는 관측이 나오기도 했다.
현예슬 기자 hyeon.yeseul@joongang.co.kr",2024-11-23 10:13:05,Other
"APEC 기업인자문위 의장 맡는 조현상 ""아버지처럼 민간 외교관""",https://www.joongang.co.kr/article/25292726,No Date,"APEC 기업인자문위 의장 맡는 조현상 ""아버지처럼 민간 외교관""","한국 기업인들의 ‘민간 외교’ 무대가 넓어지고 있다. 최태원 대한상공회의소 회장(SK 회장)이 아시아태평양경제협력체(APEC)의 부대 행사인 ‘APEC 최고경영자 회의’(CEO 서밋)의 내년 의장을 맡은 데 이어 조현상 HS효성 부회장도 내년 ‘APEC 기업인자문위원회(APEC Business Advisory Council, ABAC) 의장으로서 관련 행사를 주관한다.
지난 11일(현지시간) 페루 리마에서 열린 아시아태평양경제협력체(APEC) 기업인자문위원회(ABAC) 개막행사에서 조현상 HS효성 부회장(오른쪽)이 모두발언을 하고 있다. 대한상의
17일 HS효성에 따르면, 조 부회장은 15일(현지시간) 페루 리마에서 열린 ‘APEC ABAC와의 대화’에 차기 ABAC 의장 자격으로 참석해 윤석열 대통령과 디나 볼루아르테 페루 대통령, 훌리아 토레블랑카 ABAC 의장 등과 아시아태평양 지역의 경제 통합을 주제로 논의했다. ABAC은 아태 지역 경제협력을 도모하는 APEC이 역내 기업인들로 구성한 자문위원회로, 민간 기업의 의견을 APEC 정상들에게 전달하고 건의하는 역할을 한다.
앞서 조 부회장은 지난 8월 ABAC 신규 위원에 선임됐고, 이번에 페루에서 열린 ABAC 회의에서 내년도 ABAC 의장에 만장일치로 뽑혔다. 평소 경제외교 활동에 관심이 많은 조 부회장을 눈여겨본 최 회장이 ABAC 위원에 추천했고 조태열 외교부 장관의 제청을 거쳐 윤 대통령이 선임한 것으로 알려졌다. 조 부회장은 내년 2월부터 ABAC 의장으로서 연간 네 차례 열리는 ABAC 회의와 내년 11월 경주에서 열릴 회의를 주관할 예정이다.
재계에 따르면, 조 부회장은 아버지인 고(故) 조석래 효성 선대회장의 활발한 경제 외교 활동을 지켜보며 민간 외교의 중요성을 익혔다고 한다. 다보스포럼 등 국제행사에 꾸준히 참여하고 경제협력개발기구(OECD) 기업 자문위원회 이사, 대한상의 한국-베트남 경제협력위원회 위원장 등을 맡으며 글로벌 네트워크를 쌓아왔다.
지난 11일(현지시간) 페루 리마에서 열린 아시아태평양경제협력체(APEC) 기업인자문위원회(ABAC) 개막행사 참석한 각국 ABAC 의원들과 조현상 HS효성 부회장(앞줄 왼쪽에서 네번째). 대한상의
2024.11.20 00:32
2024.11.19 16:13
2024.11.19 04:48
조 선대회장은 생전에 한국경제인협회(옛 전국경제인연합회) 회장을 비롯해 한일경제협회, 한일포럼, 한미재계회의, 태평양경제협의회(PBEC) 등을 이끌었다. 특히 2000년 한미재계회의를 통해 한미 FTA(자유무역협정)의 필요성을 처음으로 공식 제기해 한미 FTA의 초석을 다진 인물로 꼽힌다. 협상 과정에서도 영화계가 우려한 스크린쿼터 축소 문제나 한미비자면제 프로그램 시행 등을 조율하기 위해 미국 의회를 방문하는 등 적극적인 지원 활동을 펼쳤다.
조 부회장은 “오래 전부터 아버지처럼 국가에 기여할 수 있는 역할을 고민해왔는데, 글로벌 사업을 하는 기업인으로서 ‘민간 외교관’으로 도움이 되고 싶다”며 “ABAC 의장으로서 APEC 정상들에게 경제인들이 가진 현안과 풀어야 할 과제를 잘 정리해 전달하겠다”라고 말했다.
최현주 기자 chj80@joongang.co.kr",2024-11-23 10:13:15,Other
올해 한·일 오간 인원 2000만명 '역대 최다'…엔저에 관광객 급증,https://www.joongang.co.kr/article/25292586,"업데이트
2024.11.17 17:23",올해 한·일 오간 인원 2000만명 '역대 최다'…엔저에 관광객 급증,"지난 3일 붐비는 인천국제공항 제1터미널 출국장. 뉴스1
올해 들어 10월까지 비행기를 타고 한국과 일본을 오간 인원이 2000만명을 돌파해 역대 최다를 기록했다. 지난해부터 엔저 현상으로 일본을 찾는 한국 관광객이 급증했다는 분석이다.
17일 국토교통부 항공 통계에 따르면, 10월까지 한국-일본 항공 노선을 이용한 누적 승객은 2056만여명(출발·도착 합산)으로 집계됐다. 작년 동기 1547만여명보다 30% 넘게 증가했다. 아직 연말 여행 수요가 남았는데도 2018년 기록한 연간 최다 기록인 2135만명에 육박한 것이다.
올 들어 한일 항공 노선은 매달 200만명 수준을 유지해 왔다. 항공업계에선 지난해 본격화된 엔저가 한국에서 일본으로 넘어가는 관광객을 늘린 것으로 보고 있다. 원·엔 환율은 지난 8월 일시적 강세로 950원대까지 올랐다가 현재 900원대 아래로 다시 내려갔다.
국내 항공사들이 일본 노선 운항편을 늘리면서 일본 여행 인기는 더욱 커질 전망이다. 대한항공은 27년 만에 인천-구마모토 노선에 운항을 시작하는 등 비행편을 늘리고 있다. 올 들어 일본 노선 항공편은 지난해 같은 기간 대비 29% 증가했다.
지난해 한일 양국은 각각 상대국의 외국인 관광객 1위를 차지했다. 다만 한국 방문 일본인은 232만명에 그쳤고, 일본에 간 한국인은 696만명이었다. 우리나라 국민들의 일본 관광이 3배 더 많았다.
김철웅 기자 kim.chulwoong@joongang.co.kr",2024-11-23 10:13:24,Other
"尹·이시바 정상회담…""北, 러시아 파병 등 한일공조 어느 때보다 중요""",https://www.joongang.co.kr/article/25292557,"업데이트
2024.11.17 10:05","尹·이시바 정상회담…""北, 러시아 파병 등 한일공조 어느 때보다 중요""","윤석열 대통령이 16일(현지시간) 페루 리마의 한 호텔에서 이시바 시게루 일본 총리와 정상회담 전 악수를 하고 있다. 연합뉴스
아시아태평양경제협력체(APEC) 정상회의 참석을 위해 페루 리마를 방문 중인 윤석열 대통령은 16일(현지시간) 이시바 시게루 일본 총리와 정상회담했다. 윤 대통령과 이시바 총리의 정상회담은 이번이 두 번째다. 두 정상은 지난 10월 동남아시아국가연합(ASEAN) 정상회의에서 첫 양자회담을 했다.
윤 대통령은 이날 오후 2시 55분부터3시 45분까지 약 50분간 리마 시내 한 호텔에서 이시바 총리와 만나 한일 관계 전반에 대해 의견을 교환했다. 두 정상은 이날 회담에서 한미일 협력의 중요성을 확인하고 북한 등 지역 정세에 대해서도 의견을 나눴다.
윤 대통령은 이날 회담에서 “지난달 라오스에서 총리님을 자주 뵙고 싶다고 말씀드렸는데 이렇게 한 달 만에 다시 만나게 돼 기쁘다”고 인사했다.
윤 대통령은 “첫 회담 이후 러시아와 북한 간 군사 협력이 북한군 파병으로 이어지는 등 역내 및 세계 정세가 급박하게 돌아가고 있다”며 “한일 간의 긴밀한 공조가 그 어느 때보다도 중요한 이 시점에 총리님과의 만남은 의미가 남다르다”고 밝혔다. 그러면서 “양국 관계의 지속적인 발전 방안과 날로 엄중해지는 지역, 글로벌 정세에 대해 심도 있는 의견을 나누고 싶다”고 덧붙였다.
2024.11.20 15:16
2024.11.20 14:10
2024.11.19 13:30
이시바 총리도 “짧은 기간에 두 번째로 만나 뵙게 돼 대단히 기쁘다”며 “이것이 일한 관계가 원래 있어야 할 모습이라고 생각하며, 이런 관계를 앞으로도 강화해 나가고 싶다”고 말했다.
이시바 총리는 “내년에는 국교 정상화 60주년을 맞이한다”며 “윤 대통령님과 저 사이에서 양국 관계를 미래를 향해 더 적합한 것으로 만들어 가길 희망한다”고 했다. 이어 “최근의 북한 등을 포함해 우리를 둘러싼 엄중한 안전 보장 상황을 감안해 일한 간 협력을 지속적으로 강화해 나가는 것은 중요한 과제”라고 강조했다.
일본 외무성에 따르면 양국 정상은 특히 북한의 핵·미사일과 러시아에 대한 북한의 파병 등 북러 군사협력에 대한 심각한 우려를 공유하고 앞으로도 한일, 한미일 간 긴밀히 협력할 것을 확인했다고 전했다.
윤 대통령은 전날에는 APEC 정상회의에 참석한 이시바 총리, 조 바이든 미국 대통령과 한미일 정상회의도 갖고 3국 협력 체계를 재확인했다.
조문규 기자 chomg@joongang.co.kr",2024-11-23 10:13:33,Security & Diplomacy
"""1986년의 악몽, 우린 잊지 않았다"" 일본 반도체의 와신상담",https://www.joongang.co.kr/article/25292479,No Date,"""1986년의 악몽, 우린 잊지 않았다"" 일본 반도체의 와신상담","일본 도쿄도 치요다구 오테마치에 위치한 인공지능(AI) 스타트업 프리퍼드 네트웍스(PFN) 도쿄 본사. 도쿄=이희권 기자
굴지의 대기업·은행·언론사가 밀집해 ‘일본 경제의 심장’으로 불리는 도쿄 치요다구 오테마치. 일본 최대 인공지능(AI) 유니콘(기업가치 1조원 이상 스타트업)에 등극한 프리퍼드 네트웍스(Preferred Networks·PFN) 본사에 들어서자 붉은 빛 기판의 AI 반도체가 방문객을 가장 먼저 맞았다. PFN이 자체 설계하고, 대만 TSMC가 만든 ‘MN-코어’ 시리즈다.
PFN은 니시카와 토루 대표가 2014년 도쿄대 동료들과 함께 창업한 AI 스타트업이다. 니시카와 토루는 “반도체 설계에서부터 산업용 딥러닝 서비스까지 하드웨어·소프트웨어를 포함한 모든 AI 분야를 일본에서 자체 개발해 제공할 것”이라 말했다. 기업 가치는 이미 3000억 엔(약 3조원)을 넘어섰다. 미국 CNN은 PFN에 대해 “기술 혁신이 드문 일본에서 규모가 가장 큰 ‘테크 유니콘’이 탄생했다”고 평가했다. PFN은 이미 도요타·NTT·화낙 등 유수의 대기업으로부터 투자를 받으며, 일본의 ‘AI 국가대표 기대주’로 떠올랐다.
김주원 기자
특히 PFN은 삼성파운드리(반도체 위탁생산)의 2나노미터(㎚·1㎚=10억 분의 1m) 공정을 이용하는 첫 고객사로 알려졌다. 삼성전자에 있어 2나노 공정은 AI 반도체 전쟁에서 TSMC와의 결전(決戰)을 위해 반드시 잡아야 할 승부처로 꼽힌다. 이에 앞서 TSMC에 칩 생산을 맡겼던 PFN이 신형 AI 반도체 양산 파트너로 삼성을 선택했다는 소식에 국내 반도체 업계에서는 고무적이라는 평가가 나왔다. “한일 반도체 협력의 상징이 될 것”이라는 희망 섞인 이야기까지 나올 정도였다.
하지만 현장에서는 미묘하게 분위기가 엇갈렸다. TSMC가 아닌 전혀 예상치 못했던, 삼성의 파운드리 경쟁자가 나타났기 때문이다. 지난 9월 일본 도쿄 본사에서 만난 PFN 관계자는 “올해 삼성에 생산을 맡겼던 칩은 양산용 제품이 아닌, 연구개발용 칩”이라면서 “향후 추론용 AI 칩은 일본에서 생산할 가능성이 있는 것으로 알고 있다”고 말했다.
프리퍼드 네트웍스(PFN)가 자체 설계한 인공지능(AI) 반도체 ‘MN-코어’ 시리즈. 도쿄=이희권 기자
실제 지난 8월 일본 금융그룹 SBI홀딩스는 PFN에 1000억원을 베팅했다. 일본 니혼게이자이신문(닛케이)은 “양측이 일본 내 반도체 공급망을 구축하기 위한 칩 제조 공정에 협력하기로 했다”고 전했다. SBI 홀딩스는 대만 3위 파운드리 PSMC와 손잡고 8000억엔(약 8조원)을 투자해 일본 미야기현에 반도체 공장을 설립, 2027년부터 양산에 돌입한다.
일본 도쿄도 치요다구 오테마치에 위치한 인공지능(AI) 스타트업 프리퍼드 네트웍스(PFN) 도쿄 본사. 도쿄=이희권 기자
일본 정부는 미야기현 반도체 공장 설립에 1400억엔을 지원하는 것으로 알려졌다. 일본 반도체 업계 관계자는 “일본에서 사용할 첨단 AI 반도체 만큼은 가능한 일본의 반도체 공장에서 만들어야 한다는 것이 정부와 업계의 확고한 입장”이라 말했다.
한때 ‘반도체 패권국’으로 군림했던 일본은 AI 시대 반도체 제조 능력을 되찾기 위한 와신상담에 돌입했다. 일본 경제산업성은 지난 8월 규슈 섬의 집적회로(IC) 생산량이 24년 만에 사상 최대치를 기록했다고 밝혔다. 일본 정부는 최근 대만 TSMC가 규슈 구마모토현에 지은 1공장 건설비의 절반인 4760억엔(약 4조1000억원)을 지원하기도 했다. 일본 주요 대기업이 모여 세운 첨단 파운드리 기업 라피더스에는 약 3조원을 투입한다.
전 세계 파운드리(반도체 위탁생산) 1위 회사인 대만 TSMC가 일본 기업인 소니·덴소 등과 함께 설립한 일본 현지 법인 JASM의 규슈 구마모토 공장. 사진 김현예 도쿄 특파원
일본 반도체 업계는 철저히 물밑에서 권토중래를 노리는 모양새다. 과거 미국을 자극해 1986년 미일 반도체 협정으로 처참하게 몰락했던 트라우마를 잊지 않고 있는 것. 최근 일본에 건설 중인 대부분의 반도체 공장이 미국 혹은 대만 기업과의 합작회사인 것도 이와 무관치 않다는 분석이 나온다. 라피더스 관계자는 중앙일보에 “TSMC·삼성과 정면 승부할 생각은 없다”면서 “일본 내에서 필요한 AI 반도체를 위주로 맞춤 생산할 것”이라고 말했다.
트럼프 2기 행정부 출범으로 몸을 한껏 엎드린 일본이지만 자국에 반도체 공장을 다시 지으려는 국가 차원의 지원은 당분간 계속될 것이란 관측이 나온다. 김양팽 산업연구원 전문연구원은 “소재·부품·장비(소부장)가 강한 일본 기업들이 2나노미터 이하 초미세공정에 대한 실전 경험치를 쌓을 수 있다는 점에서 일본의 첨단 반도체 제조 도전이 당장 큰 성공을 거두지 못하더라도, 단순히 밑지는 장사로 끝나진 않을 것”이라 말했다.
도쿄=이희권 기자 lee.heekwon@joongang.co.kr",2024-11-23 10:13:42,Economy & Technology
"루키 김택연은 씩씩하게 웃었다…류중일호, 한일전 ‘승리 준비’ 완료",https://www.joongang.co.kr/article/25292385,No Date,"루키 김택연은 씩씩하게 웃었다…류중일호, 한일전 ‘승리 준비’ 완료","김택연이 15일 대만 타이베이돔에서 프리미어12 B조 예선 일본과의 3차전 대비 훈련을 마치고 인터뷰를 하고 있다. 타이베이=고봉준 기자
이변을 노리는 한국 야구가 ‘운명의 라이벌’ 일본을 상대한다. 반드시 이겨야 본선 진출이라는 1차 목표 달성이 가까워지는, 중요한 일전이다.
한국은 15일 오후 7시 대만 타이베이돔에서 세계야구소프트볼연맹(WBSC) 프리미어12 B조 예선 3차전을 벌인다. 상대는 지난 2019년 대회 우승국 일본이다.
한국은 13일 대만과의 1차전에서 3-6으로 져 분위기가 가라앉았다. 그러나 2차전에서 쿠바를 8-4로 물리치며 본선 진출 가능성을 살렸다. 6개국이 속한 B조에서 최소 2위를 기록하면 일본 도쿄돔에서 열리는 본선행 티켓을 따낸다.
쿠바전 내용은 준수했다. 김도영이 2회말 좌월 만루홈런 포함 4타수 3안타(2홈런) 5타점 맹타를 휘둘렀고, 선발투수 곽빈은 4이닝 3피안타 5탈삼진 무실점으로 호투했다.
다만 아쉬운 장면도 나왔다. 8-1로 앞선 8회 올라온 신인 셋업맨 김택연이 우월 2점홈런과 좌월 솔로포를 연달아 내줘 곧장 강판됐다. 마무리 박영현 앞에서 중책을 맡아야 할 김택연이 국가대표 데뷔전에서 흔들리면서 여러 걱정을 낳았다.
그러나 다음날 한일전을 앞두고 만난 김택연은 “변명의 여지는 없다. 내가 아직 부족하다는 뜻이라고 생각한다”고 침착하게 운을 뗐다.
인천고를 나온 오른손 정통파 김택연은 올해 프로야구로 데뷔하자마자 60경기에서 3승 2패 19세이브 4홀드 평균자책점 2.08로 호투해 사실상 신인왕을 예약했다는 평가를 듣는다. 특히 타자들이 손대기 힘든 시속 150㎞ 전후의 빠른 공으로 팬들을 매료시켰다. 그런데 이날 국가대표 데뷔전에서 2홈런 포함 3안타를 연달아 내줘 어려움을 겪었다.
한일전 대비 훈련이 끝난 뒤 만난 김택연은 “어제는 몸이 붕 뜬 느낌이 있었다. 다시 영상을 확인해보니 공이 가운데로 몰리는 경우가 많았다”고 했다. 이어 “일찍 매를 맞았다고 생각한다. 다음에는 조금 더 신중하게 타자를 상대해야겠다는 교훈도 얻었다”고 덧붙였다.
비록 쿠바전 성적은 좋지 않았지만, 류중일 감독은 김택연에게 계속해 믿음을 보내기로 했다. 박영현 다음으로 구위가 좋은 만큼 남은 예선에서 필승조 임무를 수행해야 한다.
선배들의 따뜻한 격려와 애정 어린 놀림을 함께 받았다는 김택연은 “형들이 정말 많이 위로를 해주셔서 큰 힘이 됐다. 어떻게 보면 더 성장할 수 있는 계기라고 생각한다. 남은 경기에서 반등할 수 있도록 잘 준비하겠다”고 힘주어 말했다.
한편 한국은 이날 홍창기(좌익수)-신민재(2루수)-김도영(3루수)-문보경(1루수)-나승엽(지명타자)-최원준(우익수)-박동원(포수)-박성한(유격수)-이주형(중견수)으로 선발 라인업을 짰다. 상대 선발투수가 오른손인 다카하시 히로토라는 점을 고려해 좌타자들을 대거 배치했다. 선발투수는 최승용이다.
타이베이=고봉준 기자 ko.bongjun@joongang.co.kr",2024-11-23 10:13:51,Sports
"""눈 잃고 시름시름"" 매년 100명씩 사망…日의료진 부산 찾은 까닭",https://www.joongang.co.kr/article/25291676,"업데이트
2024.11.13 15:14","""눈 잃고 시름시름"" 매년 100명씩 사망…日의료진 부산 찾은 까닭","부산 권역 원폭 피해자가 지난 12일 대한적십자사 부산지부를 찾아 일본 의료진에게 의료상담을 받고 있다. 이은지 기자
한일 정부 2005년부터 원폭 피해자 지원   일본 나가사키 현 공무원 3명과 일본적십자사 나가사키원폭병원, 나가사키대학병원 소속 피폭 전문 의료진 6명 등 총 9명이 한국인 원폭 피해자를 돕기 위해 부산을 찾았다. 이들은 지난 11일부터 3일 동안 대한적십자사 부산지부 등에서 부산 권역 원폭 피해자 227명과 의료 상담을 진행한다. 이들은 대한적십자사 알선으로 한국을 찾았다. 나가사키현 행정 공무원 다니구치 유이치(50)는 “한국인 원폭 피해자 마지막 한 분까지 지원하겠다”고 다짐했다.
한국인 원폭 피해자 생존자는 지난 10월 기준 1622명, 평균 연령 84세다. 생존자는 해마다 100여명씩 사망하고 있다.
일본 공무원과 의료진은 2005년부터 한국을 방문해 원폭피해자를 돕고 있다. 대한적십자사 원폭 피해자·사할린동포지원본부 오상은 과장은 “한·일 정부는 2005년 협약을 맺고 1945년 8월 제2차 세계대전 당시 일본 히로시마와 나가사키에 투하된 원자폭탄에 피폭된 한국인을 지원하고 있다”며 “전국을 6개 권역(수도권·대구·합천·부산·경남·전라)으로 나눠 매년 2개 권역에서 의료상담을 하고 있다”고 설명했다. 지금까지 총 6848명이 상담을 받았다.
부산 권역 원폭 피해자가 지난 12일 대한적십자사 부산지부를 찾아 일본 의료진에게 의료상담을 받은 후 건강체조를 배우고 있다. 이은지 기자
원폭 피해를 본 한국인은 여전히 고통 속에서 생활하고 있다. 지난 12일 대한적십자사 부산지부에서 만난 김일악(82)할머니는 ""세 살 때 원폭 피해를 보고, 일곱살 때 오른쪽 눈 시력을 잃었다""고 했다. 그는 “원자폭탄이 투하된 곳에서 불과 2㎞ 떨어진 곳에 살았는데 여동생은 열 두살 때 죽고, 남동생은 2015년 대장암으로 죽었다”며 “나 역시 30대부터 시름시름 앓아 정상적인 경제활동을 전혀 하지 못했다”고 말했다.
현재 기초생활보장 수급자로 근근이 살고 있다는 김 할머니는 “35세 늦은 나이에 아들을 낳았는데, 5년 전 신장병 진단을 받았다”며 “나 때문에 병이 난 것 같아 마음이 아프다”고 했다.
일본적십자사 나가사키원폭병원 소속 의사인 스가마사 하루(30)는 “가족을 잃은 슬픔과 죄책감 등 정신적 고통을 호소하는 원폭 피해자가 많다”며 “외할머니가 원폭 피해자여서 그들의 고통이 뭔지 잘 알고 있다”고 말했다.
부산 권역 원폭 피해자가 지난 12일 대한적십자사 부산지부를 찾아 일본 정부 행정 공무원에게 행정상담을 받고 있다. 이은지 기자
국내에는 피폭 전문 의료진이 없다 보니 일본 전문 의료진 방문은 피해자에게 정신적으로도 큰 도움이 된다고 한다. 일본 정부기관인 방사선영향연구소 의사 이마이즈미미사는 “질병을 앓지 않는 피해자조차 몸이 조금이라도 아프면 원폭 영향이 아닌지 걱정하다 보니 정신적으로 힘들어한다”며 “이들 이야기를 잘 들어주다 보면 정서적 불안감이 해소됐다는 피해자가 많다”고 말했다.
한국인 원폭 피해자 2세와 후손은 희귀성 난치병을 앓아도 정부 지원을 받지 못한다. 한국원폭 피해자협회 부산지부 이정부 부지부장은 “피해 당사자뿐 아니라 2세, 3세대에서 후유증을 앓는 경우가 많다”며 “나 역시 두 살 때 원폭 피해를 봤고, 현재 손자가 지적장애 1급 진단을 받았는데 유전적 영향이 크다고 본다”고 말했다.
이와 관련, 원폭 피해자 후유증이 대물림되는지 알아보는 연구(한양대 의대)도 2020년부터 진행되고 있다. 차세대 염기서열 분석 기술을 활용한 이 연구 결과는 올해 말 나올 예정이다. 이 부지부장은 ""후손에게 대물림 된다는 근거가 없어 2세가 원폭 관련으로 의심되는 병을 앓아도 도움을 받지 못하고 있다""라며 “원폭 피해가 대물림 된다는 연구결과가 나왔으면 좋겠다”고 강조했다. 병마와 싸우고 있는 원폭 2세 모임인 '한국 원폭 2세 환우회' 회원은 1300여 명에 달한다.
부산=이은지 기자 lee.eunji2@joongang.co.kr",2024-11-23 10:14:01,Social & Healthcare
한·일관계 최악 때도 연주했다…두 음악가 '30년 우정의 무대',https://www.joongang.co.kr/article/25291589,No Date,한·일관계 최악 때도 연주했다…두 음악가 '30년 우정의 무대',"오는 22일 한ㆍ일 우정음악회에 서는 이경미(왼쪽) 피아니스트와 무라지 가오리(村治佳織) 기타리스트. 두 연주자는 사반세기 동안 우정을 쌓아왔다. 사진 크레디아 뮤직앤아티스트
다름이 모여 이뤄내는 화합. 오는 22일 열리는 한ㆍ일 우정음악회의 지향점이다. 국적도, 악기도 다른 연주자 4인이 서울에서 만나 프레데릭 멘델스존부터 스튜디오 지브리 애니메이션 주제곡의 선율로 한 무대를 꾸민다. 한국의 피아니스트 이경미, 일본의 기타리스트 무라지 가오리(村治佳織), 바이올리니스트 우루시하라 게이코(漆原啓子) 도호학원대학 특임교수와 재일교포인 첼리스트 아라 요코(荒庸子) 센조쿠학원 교수가 주인공. 내년 한ㆍ일 국교정상화 60주년을 알리는 반가운 서곡이다.
주축이 된 두 연주자, 이경미 경남대 교수와 기타리스트 무라지 씨가 국경을 초월한 우정을 이어온 건 사반세기에 가깝다. 둘은 1995년 이탈리아 시에나에서 열린 음악 축제에서 처음 만났다. 둘의 우정은 삶의 고비를 넘으면서 탄탄함을 더했다. 이경미 교수는 2008년 유방암 판정을 받고 투병 끝에 무대로 화려하게 복귀했다. 그뒤 무라지와 함께 한국과 일본을 오가며 협연 무대를 선보였는데, 2013년 공연 1주일을 남기고 비보가 덮쳤다. 무라지가 설암 진단을 받은 것.
이 교수는 이후 무라지의 무대 복귀를 위해 발 벗고 나섰고, 그들은 2015년 한ㆍ일 국교 정상화 50주년 기념 공연 무대에 함께 올랐다. 그리고 약 10년 후인 22일 서울 롯데콘서트홀에서 다시금 지음(知音)의 하모니를 선사한다. 무라지는 지난 11일 중앙일보와의 이메일 인터뷰에서 ""친언니와도 같은 이경미 교수와 함께 무대에서 느끼는 유대감을 관객께 다시 선보일 수 있어 행복하다""며 ""서울 무대가 손꼽아 기다려진다""고 전했다.
이경미(오른쪽) 경남대 교수와 무라지 가오리. 서로 '언니' '동생'으로 부른다. 사진 크레디아 뮤직앤아티스트
이경미 교수는 클래식 피아니스트로는 이례적으로 국제정치학을 수료했다. 2008년 일본 아오야마대에서 그의 국제 감각을 눈여겨보면서 국제정치학 과정을 밟도록 초청하면서다. 그는 어린 시절부터 미국ㆍ일본ㆍ러시아를 넘나들며 특유의 섬세한 감성과 터치를 선보였고, 특히 모차르트 전문가로 명성을 쌓았다. 그러다 주한 일본대사를 역임한 일본 외교의 거목, 오구라 가즈오(小倉和夫)가 그에게 한ㆍ일 우정 음악회를 제안했다. 클래식 음악 애호가인 오구라 대사는 이경미 교수의 오랜 팬이다.
양국 관계가 최악이었던 2019년에도 이 교수의 한ㆍ일 우정 음악회는 명맥을 묵묵히 지켰다. 이 교수는 지난 5일 중앙일보와 만나 ""피아노와 기타라는 서로 다른 악기가 한 무대에서 화합하기 위해선 우선 상대방의 소리를 잘 들으며 내 소리를 맞춰가야 부드럽고 절묘한 음색이 태어난다""며 ""외교 역시 다르지 않을 것""이라고 말했다. 무라지는 이메일 인터뷰에서 ""음악은 우리를 '여기 아닌 어딘가'로 데려다주는 아름다운 힘을 갖고 있다""며 ""양국이 의견 차이가 있다고 해도 음악의 아름다움으로 평화롭게 하나가 될 수 있다고 믿는다""고 말했다. 재일교포 첼리스트인 아라 교수도 이메일 인터뷰에서 ""만국공통어인 음악을 통해 양국이 함께 무대를 꾸밀 수 있어 기쁘다""며 ""언어는 다르더라도 음악의 힘을 통해 서로 감동을 전하고 대화할 수 있는 시간이 될 것""이라고 기대감을 피력했다.
공연 공식 포스터. 사진 크레디아 뮤직앤아티스트
이번 공연 레퍼토리의 스펙트럼은 넓다. 일본 작곡가가 이 교수와 무라지 2인을 위해 작곡한 '당신의 눈동자'를 포함해, '하울의 움직이는 성' '센과 치히로의 행방불명'의 주제곡, 고전 영화 '디어 헌터'의 주제곡 '카바티나', 멘델스존 피아노 트리오 등이 연주된다.
양국 외교가의 핵심 플레이어들은 이번 연주회의 든든한 지원군이다. 클래식 음악 연주에 최적이라는 평가를 받는 롯데콘서트홀에서 개최되는 이번 연주회의 협찬은 이희건한일교류재단·롯데지주·JAL 일본항공이, 후원은 주한일본대사관ㆍ서울재팬클럽ㆍ경남대학교ㆍ서울가든호텔이 맡았다.
전수진 기자 chun.sujin@joongang.co.kr",2024-11-23 10:14:10,Culture & History
"공무원 3000명 줄이고 위원회 40%정비...반환점 돈 尹정부, 성과",https://www.joongang.co.kr/article/25291417,"업데이트
2024.11.12 16:59","공무원 3000명 줄이고 위원회 40%정비...반환점 돈 尹정부, 성과","고기동 행정안전부 차관이 서울 종로구 정부서울청사에서 행정안전분야 성과 및 향후 추진계획을 발표하고 있다. [뉴스1]
2년 동안 공무원 3000명을 줄었다. 불필요하다는 지적을 받아온 위원회도 40%가까이 줄여 나가고 있다. 또 디지털 공공서비스를 혁신하고 지방소멸 대응 정책을 마련했다. 윤석열 정부가 임기 반환점을 돈 가운데 행정안전부는 12일 이런 내용을 중심으로 ‘행정·안전 분야 성과·향후 추진계획’을 발표했다.
행정안전부, 행정·안전 분야 성과 발표
우주항공청을 방문한 이상민 행정안전부 장관(왼쪽에서 4번째)이 윤영빈 우주항공청장(오른쪽에서 4번째) 등과 기념촬영을 하고 있다. [사진 행정안전부]
행안부가 내세운 주요 성과 가운데 가장 눈에 띄는 건 공공부문 인력 효율화와 정원 재배치다. 윤 정부가 출범한 2022년 5월 당시 75만6301명이던 국가직 공무원 정원을 지난 6월 기준 75만3295명으로 3006명 줄였다.
행정안전부는 “정원 감축 기조에도 범정부적으로 문제 해결이 필요한 분야에는 인력을 적극적으로 지원했다”고 설명했다. 이를 위해 매년 각 부처 정원의 1%를 별도 정원으로 관리해 필요한 부처에 재배치하는 ‘통합활용정원제’ 등을 적용했다고 한다. 미래 성장 동력을 확보하기 위한 조직도 신설하거나 기존 조직 인력을 늘렸다. 국가보훈부(승격)·우주항공청(신설)·재외동포청(신설) 등이 대표적이다.
유사·중복이나 활동 미비로 비판을 받던 각종 행정기관 위원회도 정리했다. 636개 위원회 중 39%인 245개를 정비 대상으로 지정했고, 지난해 위원회 일몰제를 도입해 위원회 신설을 방지하고 있다. 고기동 행정안전부 차관은 “비대해진 공공부문 군살을 빼고, 효율적으로 일 잘하는 정부·자치단체를 만들기 위해 총력을 기울였다”며 “연말까지 국가직 공무원 5000명을 감축하겠다”라고 말했다.
디지털플랫폼정부. [중앙포토]
디지털 플랫폼 구축도 주요 성과다. 운전면허증 등을 스마트폰으로 간편하게 확인할 수 있는 모바일 신분증을 발급했고, 1500여종의 민원·공공서비스를 발급할 때 서류가 필요 없는 ‘구비서류 제로화’를 추진 중이다. 2025년부턴 주민등록증도 모바일로 발급할 예정이다.
행정안전부는 “경제협력개발기구(OECD) 디지털 정부평가와 공공데이터평가에서 모두 1위를 차지하는 등 디지털 정부 선도 국가로서의 위상을 강화했다”고 말했다.
인구부 신설 통한 저출생 대응 총력
고향사랑기부제 홈페이지 '고향사랑e음' 캡처. [중앙포토]
2024.11.21 16:05
2024.11.11 00:06
2024.10.31 00:02
심화하는 지방소멸 문제를 극복하기 위해 제도적 기반도 확충했다. 2022년 인구감소지역법을 제정해 인구감소지역 대상 특례를 발굴했고 매년 1조원이 투자되는 지방소멸대응기금은 배분 체계를 개편했다.
지방분권위원회·균형발전위원회를 통합해 지방시대위원회를 신설했고, 대통령 주재 중앙지방협력회의를 지역 현장에서 개최했다. 2023년 처음 도입한 고향사랑기부제는 지난해 650억원을 모금하기도 했다.
이상민 행정안전부 장관이 아랍에미리트(UAE) 두바이 에미레이트 타워에서 오후드 알 루미 UAE 정부발전미래부 특임장관과 디지털정부 및 정부혁신 분야 협력 강화 방안에 대해 논의하고 있다. [사진 행정안전부]
재난 분야에서는 국가안전시스템개편 종합대책, 기후위기 재난대응 혁신방안 등을 토대로 지원을 늘렸다. 덕분에 올해 장마 기간 평년 대비 132% 정도 비가 왔지만 인명 피해를 최소화했다고 정부는 자평했다.
국제 사회와의 연대 강화도 성과로 꼽았다. 페루·이탈리아 등 5개국에 공공행정협력단을 파견해 정부 혁신 행정 사례를 공유하고, ‘새마을운동 글로벌 협력국 장관회의’를 지난해 최초로 개최했다. 한국 주소체계를 몽골에 수출하고, 2017년 이후 중단했던 ‘한일 내정관계자 교류회의’도 6년 만에 재개했다.
정부는 남은 임기 동안 중점적으로 추진할 과제로 인구전략기획부 신설, 지방행정체제 개편, 공직사회 혁신 등을 꼽았다. 인구전략기획부 신설을 통해 저출생·고령화 대책 추진체계를 마련하고, 지방행정체제 개편안을 마련해 지방 행정 미래 비전·전략을 제시할 계획이다. 대구-경북 행정 통합 등 지역 행정체제 개편 논의도 적극적으로 지원할 방침이다. 고기동 차관은 “오는 12월 지방행정체제 개편위원회 권고안을 발표할 예정”이라며 “대구-경북 행정 통합 관련 법안은 12월까지 준비될 것”이라고 말했다.
이상민 행안부 장관은 “국민과 가장 가까운 곳에서 민생·안전을 챙기고, 인구감소·지방소멸 위기 대응, 첨단기술을 활용한 혁신 등 국가적 과제를 해결하고 있다”고 말했다.
문희철 기자 reporter@joongang.co.kr",2024-11-23 10:14:20,Politics & Governance
"술 한병 익을 시간도 못 견뎠다, 우리가 짓고 부순 숱한 ‘서울들’",https://www.joongang.co.kr/article/25291400,No Date,No Title Content,"호모 비아토르:길 위의 독서를 내 관심에도 추가해드렸어요.
당신의 서울은 어디입니까?
서울에서 나고 자란 건축가 황두진이 쓴 책 이름입니다. 서울이 여러 곳 있는 것도 아닌데, 무슨 소리일까요? 저자의 설명은 이렇습니다.
“물리적인 도시는 하나일지 모르지만 각자가 경험하는 도시는 천차만별”이기 때문에 “사람 숫자만큼의 도시가 존재”한다는 겁니다.(황두진,『당신의 서울은 어디입니까』, p.327)
같은 도시라도 각자가 경험하는 도시는 천차만별이다. 그런 도시를 알아가는 가장 좋은 방법은 걷기다. 서울 당산철교(왼쪽) 인근 한강변을 거니는 사람들. 김한별 기자
2024년 9월 현재 서울의 인구는 약 935만 명입니다. 황두진식 셈법으로 보면 935만 개의 서울이 존재하는 셈입니다.
질문에 답하자면, 저의 서울은 은평구 신사동입니다. 서대문구에서 태어났지만, 유치원 때 은평구로 이사 와서 입대 전까지 16년을 살았으니까요.
그 뒤 인연이 끊겼나 싶었는데, 아니었습니다. 몇해 전 서울 중구에 있던 회사가 마포구 상암동으로 옮겨 왔거든요. 상암동에서 철길 하나 건너면 은평구 수색동입니다. 수색에서 터널 하나 지나면 제가 졸업한 중·고교가 나오고, 거기서 고개 하나 넘으면 제가 16년 살았던 동네입니다.
상암으로 첫 출근하며 다짐했습니다. ‘꼭 한번 다시 가봐야지.’ 그리고 얼마 전 드디어 가봤습니다. 24년 전 떠났던 그 동네에….
호모 비아토르: 길 위의 독서
회사에 차를 세우고 경의선 철로 쪽으로 걷습니다.",2024-11-23 10:14:27,Other
"[속보] 尹대통령, 14∼21일 페루 APEC·브라질 G20 참석",https://www.joongang.co.kr/article/25291385,"업데이트
2024.11.12 15:05","[속보] 尹대통령, 14∼21일 페루 APEC·브라질 G20 참석","윤석열 대통령이 지난 10일 서울 용산 대통령실에서 열린 대외여건 변화에 따른 경제?안보 점검회의에서 모두발언을 하고 있다. 대통령실사진기자단
윤석열 대통령은 오는 14∼21일 아시아태평양경제협력체(APEC)와 주요 20개국(G20) 정상회의 참석을 위해 페루와 브라질을 각각 방문한다.
윤 대통령은 이번 5박 8일의 다자회의 참석을 계기로 한일, 한미일, 한중 정상회담도 추진 중이다.
김태효 국가안보실 1차장은 용산 대통령실에서 브리핑을 통해 “다자 정상회의 외교 무대에서 글로벌 중추 국가로서 우리의 책임 외교를 구현할 것”이라며 이같이 밝혔다.
이번 순방에는 부인 김건희 여사는 동행하지 않기로 했다.
대통령실 고위 관계자는 이날 용산 대통령실에서 기자들과 만나 윤 대통령과 도널드 트럼프 미국 대통령 당선인 간 회동 가능성에 대한 질문에 “트럼프 당선인 측과 긴밀하게 소통을 이어가고 있는 것은 사실”이라고 말했다.
한영혜 기자 han.younghye@joongang.co.kr",2024-11-23 10:14:39,Other
"日언론 ""이시바, 16일 페루서 윤 대통령과 정상회담 조율""",https://www.joongang.co.kr/article/25291382,No Date,"日언론 ""이시바, 16일 페루서 윤 대통령과 정상회담 조율""","윤석열 대통령과 이시바 시게루 일본 총리가 지난달 10일(현지시간) 라오스 비엔티안 한 호텔에서 열린 한·일 정상회담에서 악수하고 있다. 이시바 총리 취임 9일 만의 첫 대좌다. 뉴시스
이시바 시게루(石破茂) 일본 총리가 아시아·태평양 경제협력체(APEC) 정상회의를 계기로 오는 16일 페루에서 윤석열 대통령과 정상회담을 개최하는 방안을 조율하고 있다고 교도통신이 12일 보도했다. 지난달 1일 취임한 이시바 총리는 같은 달 10일 라오스에서 윤 대통령과 처음으로 대좌했다.
이시바 총리는 남미 순방 중 윤 대통령과 회담할 것으로 전망된다. 윤 대통령은 오는 15~16일 페루에서 열리는 APEC 정상회의에 참석한다. 이시바 총리는 페루 APEC 정상회의와 18∼19일 브라질에서 개최되는 주요 20개국(G20) 정상회의에 연이어 참석할 예정이다.
이시바 총리는 전날(11일) 기자회견에서 ""사정이 허락하면 오는 14일부터 남미를 방문할 것""이라며 ""조 바이든 미국 대통령, 윤 대통령을 비롯한 각국 정상과 만나 국제정세에 대해 흉금을 터놓고 논의할 기회를 갖고 싶다""고 밝혔다. 이시바 총리는 15일 바이든 대통령, 시진핑(習近平) 중국 국가주석과 각각 회담하는 것도 검토하고 있는 것으로 알려졌다.
한일 정상회담과 별도로 한·미·일 3개국 정상회의도 추진되고 있다. 전날(11일) 교도통신은 일본 정부 관계자를 인용해 한국·미국·일본이 페루 APEC 정상회의 기간에 맞춰 3개국 정상회의 개최를 조율하고 있다고 보도했다.
지난해 8월 캠프 데이비드 정상회의. 연합뉴스
2024.11.20 15:16
2024.11.20 14:10
2024.11.19 13:30
이번에 한·미·일 정상회의가 성사된다면 윤 대통령, 바이든 대통령, 이시바 총리가 함께하는 첫 3개국 정상회의가 된다. 지난해 8월 미국 워싱턴DC 인근 대통령 별장인 캠프데이비드에서 열린 한·미·일 정상회의에선 기시다 후미오(岸田文雄) 당시 총리가 참석했다. 당시 한·미·일 정상은 적어도 1년에 한 번 3국 정상회의를 열기로 합의했다.
교도통신은 ""최근 미국 대선에서 승리한 도널드 트럼프 대통령 당선인이 다자간 협력 틀을 경시할 가능성이 있어 (이번 3개국 정상회의는) 바이든 정부에서 진행해온 3개국 협력의 중요성을 확인하려는 목적이 있다""고 분석했다.
채혜선 기자 chae.hyeseon@joongang.co.kr",2024-11-23 10:14:48,Security & Diplomacy
"이 기업, 트럼프 후원금 모금했던 로비스트에 올 초부터 투자했다",https://www.joongang.co.kr/article/25291380,"업데이트
2024.11.12 15:02","이 기업, 트럼프 후원금 모금했던 로비스트에 올 초부터 투자했다","도널드 트럼프 미국 대통령 당선인. AFP=연합뉴스
“미국 대선 당일 저녁부터 휴대전화가 자주 울리고 있다.”
미국 로비 회사 ‘차트웰 전략 그룹’을 이끄는 로비스트 데이비드 타마시는 최근 뉴욕타임스에 이렇게 말했다. 그는 자신에게 전화가 오는 이유에 대해 “(트럼프 행정부에선)일이 빨리빨리 벌어진다는 점을 최고경영자(CEO)들과 국제적인 인사들은 불안해 한다”고 설명했다. 타마시는 2016년과 2020년 미 대선 당시 도널드 트럼프 후보의 선거 후원금 모금 조직인 ‘트럼프 빅토리 펀드’에서 재무위원장으로 일한 경력이 있는 ‘친(親) 트럼프’ 로비스트다.
타마시가 이끄는 차트웰 전략 그룹은 현대자동차가 올초 새로 계약을 맺은 로비 회사다. 차트웰 전략 그룹은 미국 내에서 대표적인 공화당계 로비스트 회사로 꼽힌다. 주로 미국 민주당에 공을 쏟았던 현대차는 올초 트럼프 후보가 부상하자 공화당 쪽으로 무게 추를 옮기기 시작했다. 현대차는 ‘친 민주당’ 로비 회사인 DLA파이퍼와는 지난해를 마지막으로 계약을 종료하기도 했다.
12일 미국 로비자금 추적 단체 오픈시크릿에 따르면 현대차가 올 1~3분기 차트웰 전략 그룹에 지급한 금액은 33만 달러(4억6000만원). 차트웰 전략 그룹은 전기차, 수소 연료 등 현대차가 벌이는 미국 사업과 관련해 현대차를 대신해 로비를 벌였다고 미 의회에 신고했다. 차트웰 전략 그룹은 최근 2기 트럼프 행정부 출범시 기대할 수 있는 정책을 현대차 등 고객사에게 브리핑하기도 했다고 한다.
정의선 현대자동차그룹 회장 등 참석자들이 2022년 10월 25일(현지시간) 미국 조지아주 브라이언 카운티에서 열린 '현대자동차그룹 메타플랜트 아메리카' 기공식에서 첫 삽을 뜨고 있다. 사진 현대차
재계 관계자는 “현대차그룹은 미국 전기차 시장에서 ‘넘버2’이고, 전기차 수요는 정책 변화에 민감하게 반응하기 때문에 현대차그룹 입장에선 정치적 변화에 민감할 수밖에 없는 것”이라고 말했다.
국내 대기업들은 올초 트럼프 후보가 주목받기 시작하자 ‘K-스트리트’(워싱턴DC의 로비스트 회사가 많은 거리)에서 공화당 쪽 로비스트를 찾아왔다.
삼성전자는 미국 법인 삼성전자 아메리카에서 자체적으로 로비스트들을 고용하고 있는데, 올해 공화당과 관련 있는 인사들을 강화했다. 예컨대 올해 영입한 켈시 가이젤만은 미국 텍사스주 상원의원 테드 크루즈의 정책보좌관 출신이다. 삼성전자는 2026년 가동을 목표로 텍사스주 테일러에 반도체 파운드리 공장을 짓고 있다. 삼성전자 아메리카는 로비스트 9명을 고용하고 올 1~3분기에만 그들에게 48만9000달러(68억5000만원)을 지급했다.
SK그룹은 올해부터 로비스트 회사와 계약하는 방식과 별개로 미국 법인 SK 아메리카에서 직접 로비스트를 고용하는 방식을 시작하면서 미국 내 대관을 강화했다. 기존엔 SK하이닉스 아메리카만 직접 로비스트를 고용했다. SK 아메리카 로비스트 명단엔 조지 부시 대통령 재임 당시 미국 무역대표부에서 일했던 인사, 상·하원 보좌진 출신 등이 포함됐다.
2017년 11월 7일 오후 청와대 영빈관에서 열린 국빈 만찬에서 한국을 국빈방문한 도널드 트럼프 대통령이 윤부근 삼성전자 당시 부회장과 인사를 나누고 있다. 청와대 사진기자단
2016년 트럼프 대통령이 처음 당선됐을 때만 해도 그의 승리를 예상하지 못했던 재계는 트럼프 쪽 인맥 찾기에 애를 먹었다. 그러나 이번엔 다른 분위기다. 조성대 한국무역협회 통상연구실장은 “기업들은 일반적인 관측보다 좀 더 일찍부터 트럼프의 당선 가능성을 높게 보고 인맥을 만드는 등 대비를 해왔다. 지금은 여러 가지 가능성을 검토하고 시나리오별 대응책을 세우고 있는 상황인 것으로 안다”고 말했다. 실제로 삼성전자가 글로벌 대관조직인 글로벌퍼블릭어페어스(GPA)팀을 실 단위로 승격하는 등 국내 대기업들은 미 대선을 앞두고 미국 대관을 강화해왔다.
트럼프 당선 이후 국내 기업들의 손익 계산은 빨라지고 있지만, 우선 섣불리 움직이지는 않는다는 입장이다. 국내 4대 그룹 중 한 곳 관계자는 “미국 법인에서 주로 대응을 하는데, 그쪽에서 트럼프 1기 때와 2기 때가 어떻게 달라질지 모르니 신중하게 현장 분위기를 보면서 대응하겠다는 말을 했다”고 설명했다. 다만 대선 결과 발표 뒤 트럼프 당선인과 ‘끈’이 있는 인사를 찾는 국내 기업들의 움직임은 빨라졌다고 한다. 한 대기업 관계자는 “이미 트럼프 당선인과 가까운 로비스트 수수료가 올라가고 있다”며 미국 현지 분위기를 전했다.
류진 한국경제인협회(한경협) 회장이 지난달 18일 오전 서울 영등포구 FKI타워에서 한경협이 일본 게이단렌(경제단체연합회)과 함께 연 '제31회 한일재계회의'에서 모두발언을 하고 있다. 연합뉴스
경제단체 차원에서 트럼프 당선인 측 인사들과 소통의 문을 열려는 노력도 있다. 한국경제인협회은 다음달 미국상공회의소가 주관하는 제35차 한·미 재계회의에 참석한다. 삼성·SK·현대차·LG 4대 그룹 관계자들도 참석한다. 한경협 회장을 맡고 있는 류진 풍산그룹 회장도 참석하는데, 류 회장은 트럼프 당선인 측 인사와 가깝다고 알려져 있다. 한경협 관계자는 “트럼프 2기 행정부에 입각할 인사들은 만나기가 쉽지 않겠지만, 다음 인사 때 입각할 인사들이라도 만날 수 있도록 노력 중”이라고 말했다. 한국무역협회도 다음달 워싱턴DC에서 ‘미국 차기 행정부와의 경제협력’ 세미나를 연다.
윤성민 기자 yoon.sungmin@joongang.co.kr",2024-11-23 10:14:57,Other
"日전문가 ""결국 경제가 문제…내년 봄 이시바 끌어내리기 가능성""",https://www.joongang.co.kr/article/25291178,"업데이트
2024.11.11 21:51","日전문가 ""결국 경제가 문제…내년 봄 이시바 끌어내리기 가능성""","이시바 시게루(石破茂) 일본 총리가 11일 열린 특별국회에서 결선투표 끝에 총리로 재선출됐다. 하지만 연립여당(자민당·공명당)의 의석 과반수 미달인 ‘여소야대’ 상황이라 향후 정권 운영에 상당한 어려움을 겪을 것으로 보인다.
일본 정치 전문가 이오 준(飯尾潤) 정책연구대학원대 교수는 이날 중앙일보와의 인터뷰에서 “야당이 단결하면 언제든 내각 불신임안이 통과될 우려가 있는데다 당내에서 ‘이탈표’가 나올수 있어 내우외환 상태”라며 “(이시바 총리가) 이대로 반전을 꾀하지 못하면 자민당이 내년 여름 참의원 선거에서 참패할 수 있다”고 내다봤다. 이오 교수는 “자민당에 필요한 건 국회에서 의원들이 성실히 법안 심의를 하는 등 새로운 정치 모습을 보여주는 것”이라고 지적했다. 다음은 일문일답.
지난 5일 이오 준 정책연구대학원대 교수가 중앙일보와의 인터뷰를 하고 있다.오누키 도모코 특파원
Q 11일 특별국회에서 이시바 총리는 제1야당인 입헌민주당 노다 요시히코(野田佳彦) 대표를 꺾었다. 자민당은 캐스팅 보트를 쥔 국민민주당의 요구를 어느 정도 받아들이면서 난국을 헤쳐나갈 생각인 것 같다.   A ""국민민주당의 눈치를 살피는 것만으론 잘 안 된다. 국민민주당이 요구하는 ‘103만엔의 벽’(※연소득 103만엔을 넘으면 소득세가 발생하는 제도) 상한선 인상 등은 필요한 재원이 많은데다 상대적으로 여유가 있는 사람들에게 혜택이 있는 정책이다. 실현하기는 쉽지 않고 국민들로부터 얼마나 많은 공감을 얻을수 있을지 미지수다.정책별로 찬반을 결정하는 건 유럽에선 당연한 일이다. (자민당도) 여러 정당들과 협의하는 과정에서 타협할수 있을 것이다. (국민민주당과의 협조만으론 기반이 불안정해) 언제 일본유신회에도 협조를 구하게 될 것이다.""
Q 지난달 치러진 총선에서 무소속으로 당선된 ‘비자금 의원’들을 끌어들이는 데엔 성공했다.   A ""이시바 총리는 그들에 대한 배려가 필요한 상황이다. 여야가 팽팽한데 여당에서 ’이탈표’가 나오면 예산안이나 각종 법안이 부결될 가능성이 높아지면서 내각 불신임안이 통과될 우려가 있어 이시바 총리는 내우외환 상태다. 지지율이 계속 하락해 (2025년 예산안이 통과되는 내년 봄에) ‘이대론 참의원 선거에서 이길 수 없다’는 이유로 ‘이시바 끌어내리기’가 일어날 가능성도 있다. 만약 자민당 총재가 바뀌더라도 또 혼란스러워지면 자민당은 단결력마저 사라졌다고 더욱 국민의 지지를 잃어버리면서 참의원 선거에서 참패할 수 있다.""
11일 일본 국회에서 제103대 총리에 선출된 이시바 시게루 총리가 동료들에게 박수를 받고 있다.AFP=연합뉴스
Q 이시바 총리가 반전을 꾀할수 있다면?   A ""기시다 후미오(岸田文雄) 전 총리가 인기가 없었던 가장 큰 이유는 국민들이 모르는 사이에 정책이 결정된다는 불투명성 때문이었다고 생각한다. 국민들이 이시바 총리에게 기대한 건 대화를 통해 납득할 수 있는 정책 결정을 하는 것이다. 기시다 정부의 계승만으론 안 된다. 다만 이시바 총리는 (야당과의 협의를 맡는) ‘국회 대책’을 해본 적이 없기 때문에, 모리야마 히로시(森山裕) 자민당 간사장 등이 기존처럼 법안 표결을 숫자로 밀어붙이는 것이 아니라 여야가 국회에서 성실히 잘 심의하고 정책을 결정하는 새로운 모습을 보여줘야 한다. 국민의 공감을 얻으면 이시바 총리의 구심력이 높아지면서 위기를 기회로 바꿀 수 있다. 반대로 새로운 정치의 모습을 보여주지 못하면 국민들이 입헌민주당이 더 낫다고 판단할 수도 있다.""
Q 입헌민주당은 정권을 잡을 준비가 되어 있는가?   A ""(아직 준비가 안돼서) 우선 자신들의 매력을 높여야 할 때다. (입헌민주당의 전신인) 민주당 정부(2009~2012년) 시절부터 오랜 과제인 주요 정책에 대한 당내 논의가 정리되지 않는 건 여전하다. 관료들을 어떻게 써야 하는지도 모른다. 입헌민주당에게 가장 좋은 시나리오는 내년 여름 참의원 선거에서 승리한 후 총선에 임하는 것일 것이다.""
입헌민주당 노다 요시히코 대표가 11일 일본 국회 총리 지명 결선투표에서 한 표를 던지고 있다.EPA=연합뉴스
Q 지난달 총선 결과, 온건 보수 성향의 노다 대표가 이끄는 입헌민주당이 약진했다. 일각에선 아베 신조(安倍晋三) 전 총리 시절에 비해 일본 정치가 중도화됐다는 시각이 있다.   A ""아베 전 총리 시절엔 경제적인 측면에서 국민의 만족도가 비교적 높았지만, 기시다 전 총리 시절부터 실질임금이 하락하면서 생활이 어려워진 사람들이 많아졌다. 이번 선거의 가장 큰 패인은 역시 경제다. 아베 전 총리 본인은 우파이지만 도입한 정책은 중도 노선이었다. 국민들의 정치적 성향은 크게 변하지 않았다고 생각한다.   일본은 한국, 미국처럼 정치적으로 큰 대립 축이 없어서 양극화가 심하지 않다. 전통적으로 중도 성향이 강하다. 여전히 일본 국민들이 (온라인에서) 신문 등을 통해 뉴스에 접하고 있고, SNS에만 머물러 있는 사람은 소수다. 주요 신문사마다 정치적 입장은 다소 다르지만, 예컨대 ‘비자금 문제’에 대해 보수 성향의 신문이 전혀 보도하지 않는 건 아니다. 사실관계에 대해선 국민 사이에 대체로 일치된 견해가 형성돼 있다. 그만큼 정치에 에너지를 쏟지 않다고 할 수 있지만, 대립이 격화되지 않는 측면이 있다.""
Q 내년 6월 한일 국교정상화 60주년은 어떻게 될까?   A ""현재 자민당 내에선 이시바 총리가 가장 적임자다. 양국 모두 국민 감정도 많이 개선됐다. 다만 당내 우파의 반대에 부딪혀 이시바 총리의 뜻대로 되지 않을 것이다. 내년 봄에 이시바 총리가 사임할 가능성도 있어, 내년 6월엔 일본 정치 상황이 매우 불안정해질 것이다.""
도쿄=오누키 도모코 특파원 onuki.tomoko@joongang.co.kr",2024-11-23 10:15:06,Economy & Politics
"30년 만에 결선투표…日이시바, 총리 지켜냈지만 '가시밭길' 예고",https://www.joongang.co.kr/article/25291141,"업데이트
2024.11.11 22:46","30년 만에 결선투표…日이시바, 총리 지켜냈지만 '가시밭길' 예고","이시바 시게루(石破茂) 일본 총리가 11일 치러진 총리 지명선거에서 30년 만에 처음으로 치른 결선투표 끝에 총리로 재선출됐다. 우여곡절 끝에 2기 내각 출범에 성공했으나, 범여권의 의석 수가 전체 절반에 못 미치는 상황이라 향후 국정 운영에 상당한 어려움을 겪을 것으로 예상된다.
이시바 시게루 일본 총리가 11일 소집된 특별국회에 참석해 총리 지명 선거를 기다리고 있다. 로이터=연합뉴스
이날 열린 특별국회에서 진행된 총리 재지명 과정은 순탄치 않았다. 일본 헌법은 중의원 해산 뒤 총선거를 실시하고, 총리 지명 선거를 하도록 규정하고 있다. 총리 지명을 위해선 전체 의석(465석) 가운데 과반(233석)의 표를 얻어야 한다.
이시바 총리는 1차 투표에서 연립여당(자민당+공명당·215석) 표에 무소속으로 출마했다 자민당으로 돌아온 6명의 의원표까지 더해 총 221표를 얻어 과반 득표에 실패했다. 전직 총리이자 제1야당 입헌민주당을 이끄는 노다 요시히코(野田佳彦) 대표는 151표를 얻었다.
1994년 이후 처음으로 진행된 2차 결선 투표에는 이시바 총리와 노다 대표가 진출했다. 캐스팅보트를 쥔 국민민주당(28석)과 일본유신회(38석) 등이 각기 자당 대표에 투표하는 무효표(총 84표)를 선택해, 총 221표를 얻은 이시바 총리의 승리로 끝났다. 노다 대표의 득표수는 1차 때보다 9표 늘어난 160표였다.
일본 중의원 선거 결과 그래픽 이미지. [자료제공=니혼게이자이]
총리 지명 선거날인 이날 오전 '변수'도 등장했다. 자민당과 정책 면에서 손을 잡는 ‘부분 연립’을 추진하는 국민민주당 다마키 유이치로(玉木雄一郎) 대표의 불륜 관련 보도였다. 다마키 대표는 긴급 기자회견에서 “보도된 내용은 대체로 사실”이라고 인정했다. 이날 국민민주당은 의원총회를 열고 예정대로 총리 지명선거에서 다마키 대표에게 투표하기로 했다. 상위 득표자 2인이 아닌 자당 대표 이름을 쓰는 무효표 전략을 선택하며 사실상 이시바 총리 재선출을 도왔다.
총리 지명선거날인 11일 불륜 의혹이 터진 다카미 유이치로 국민민주당 대표. 그는 이날 오전 기자회견을 열고 불륜 보도 사실을 인정했다. 당대표 사직 등에 대해선 ""동료의 판단에 맡기겠다""고 선을 그었다. 사진은 지난 1일 로이터와의 인터뷰. 로이터=연합뉴스,
이시바는 이날 저녁 2기 내각을 출범시켰다. 관방장관·외상·방위상 등 지난달 1일 출범한 내각(국무의원) 인사 대부분이 유임됐다. 최근 중의원 선거에서 낙선해 공석이 된 법무상에 스즈키 게이스케( 鈴木馨祐) 전 외무성 부대신, 농림수산상 자리에 에토 다쿠(江藤拓) 전 농림수산상, 연정 파트너인 공명당 몫인 국토교통상엔 나카노 히로마사(中野洋昌) 전 경제산업정무관을 임명했다.
이시바 총리는 이날 선거를 계기로 자민당을 뒤흔든 정치자금 스캔들을 마무리 짓고 야당과의 정책 협의를 통해 정권을 운영하겠다는 방침이지만, 이시바 정권의 미래는 불확실하다. 총선 패배로 인해 17개 상임위원회 중 위원장이 야당인 위원회가 기존 2개에서 7개로 늘었다. 국정운영을 위한 요직인 예산위원장 자리마저 30년만에 처음으로 입헌민주당에 내주게 됐다. 자칫 이시바 총리가 정권 운영을 위한 주도권을 뺏겨 ‘식물 내각이 될 수 있다’는 우려마저 나온다.
일본 정치 전문가인 이오 준(飯尾潤) 정책연구대학원대학 교수는 지지율이 계속 하락하는 등 이시바 총리가 ‘내우외환’ 상황을 맞을 수 있다고 예상했다. 특히 2025년도 예산안이 통과된 내년 봄을 이시바 총리의 위기 시점으로 꼽았다. “지지율이 계속 하락해 ‘이대로는 참의원 선거에서 이길 수 없다’는 이유로 ‘이시바 끌어내리기’ 일어날 가능성이 있다”는 얘기다.
이시바 총리의 불안한 상황은 내년에 국교정상화 60주년을 맞이하는 한·일 관계에도 영향을 미칠 수 있다는 관측도 내놨다. 이오 교수는 “내년 봄 이시바 총리가 사임할 가능성도 있어, 일본 정치 상황이 매우 불안정할 수 있다”고 설명했다.
도쿄=오누키 도모코·김현예 특파원 hykim@joongang.co.kr",2024-11-23 10:15:15,Politics & Governance
박종철 억하고 죽었다는 경찰…“그들도 피해자” 감싼 전두환,https://www.joongang.co.kr/article/25291090,No Date,No Title Content,"전두환 비사를 내 관심에도 추가해드렸어요.
제7부. 전두환 철권통치의 몰락
4회. 5공 몰락 직격탄 ‘박종철 고문치사’
‘나는 취임 초부터 나라가 망하는 상황이 아닌 한 절대 군을 동원하지 않겠다는 철칙을 마음속 깊이 다짐하고 있었다. 학원소요가 사회적 위기를 불러오더라도 경찰력으로만 대응한다는 방침을 세웠다. 경찰의 역할이 중요했고 책임도 컸다. 나는 그만큼 경찰에 대해 관심을 기울이고 배려했다. (중략)
나의 임기 후반 학생들의 투쟁이 좌경 극단주의로 치닫고, 정치권의 직선제 개헌 투쟁과 맞물리면서 치안 수요가 급격히 증대되었다. 전자기기에 과부하가 걸리면 고장이 나게 되듯이 임무 수행에 쫓기는 경찰관들도 사고를 일으킬 개연성이 높아지는 것이다. 1987년 1월 박종철 고문치사 사건, 6월 이한열 사망 사건, 1986년 부천서 성고문 사건 등은 두말할 필요 없이 죄질이 나쁜 범죄적 행위였고 5공화국 경찰의 명예와 도덕성에 큰 상처를 남긴 사건이었다.
그러나 국정 최고책임자였던 나로서는 그들(경찰)만을 나무라기도 어려운 일이다. (중략) 그 시절, 경찰이 그처럼 임무 수행에 쫓기지 않아도 되었었고 학생들과 맞붙어 싸워야 하는 상황이 아니었다면 그들도 그러한 잘못을 범하지 않았을 수도 있었겠다는 생각이 든다. 어쩌면 그들도 상황이 빚어낸 피해자였을 것이다.’(전두환 회고록)",2024-11-23 10:15:22,Other
"2024 품질만족지수, 에이스침대ㆍ삼성전자ㆍ현대차ㆍKCC 1위",https://www.joongang.co.kr/article/25290950,No Date,"2024 품질만족지수, 에이스침대ㆍ삼성전자ㆍ현대차ㆍKCC 1위","경기 불황과 고물가가 장기화하면서 기업들의 고객 만족도 향상 노력이 이어지고 있다. 이러한 품질제고와 서비스 개선에 대한 노력으로 올해는 산업재와 서비스 산업에서의 품질만족지수가 지난해보다 상승한 것으로 나타났다. 그러나 소비재 분야의 품질만족지수는 소폭 하락했다.
한국표준협회는 10일 ‘2024년 한국품질만족지수(KS-QEI)' 조사 결과를 발표했다. 지난 6일 서울 롯데호텔에서는 1위 기업 인증 수여식을 개최했다. 올해로 20년째를 맞이하는 한국품질만족지수는 총 119개 산업부문 388개 기업을 대상으로 평가한다. 해당 기업의 제품이나 서비스를 이용해본 적이 있는 소비자와 전문가를 대상으로 지난 6월 말부터 9월 초까지 3개월간 조사를 진행했다.
차준홍 기자
조사 결과 2024년 전체 품질만족지수는 74.42점으로 전년 대비 소폭(0.13점) 하락했다. 산업군별로 살펴보면 산업재의 경우 79.54점으로 전년대비 0.63점이 상승했고, 서비스 산업의 경우 73.51점으로 1.17점 상승했다. 하지만 소비재 분야는 72.40점으로 전년대비 0.73점 하락했다.
표준협회는 품질을, 크게 사용품질과 감성품질로 나눠 조사했다. 사용품질은 다시 성능, 신뢰성, 내구성, 사용성, 안전성, 접근성 등 6개의 품질 차원으로, 감성품질은 이미지, 인지성, 신규성 등 3개의 차원으로 나눠 종합적으로 품질만족도를 측정한다. 이번 조사에서 사용품질 만족도는 73.64점, 감성품질 만족도는 74.52점으로 응답자는 감성품질에 더 높은 만족도를 보였다.
19년 연속 품질만족지수 1위를 차지한 신일전자의 선풍기. 사진 신일전자
올해 수상기업 중 신일전자(선풍기), 클라리오스델코(자동차용배터리), 홍성브레이크(자동차용 브레이크라이닝 및 패드), 에이스침대(침대) 등의 기업은 19년 연속 1위를 차지했다. 삼성전자(스마트폰, PC), 한일시멘트(드라이모르타르), 한국타이어앤테크놀로지(자동차용 타이어)는 16년 연속 1위에 선정되었다. KCC글라스(PVC 바닥재), 한일시멘트(포틀랜드 시멘트), 경동나비엔(콘덴싱 가스보일러), 현대자동차(준중형승용차, 중형승용차, 소형SUV, 준중형SUV, 대형SUV), 삼성전자(TV, 드럼세탁기)가 15년 연속, 현대자동차(자동차A/S)가 14년 연속 1위 기업으로 선정됐다.
삼성전자의 올인원 세탁건조기. 사진 삼성전자
13년 연속 1위 기업으로는 삼성전자(냉장고, 태블릿PC), 에몬스가구(가정용가구),  KCC실리콘(실란트), 한전KPS(발전설비정비서비스) 등이 선정됐다. 또 삼성전자(김치냉장고)가 12년 연속, 팅크웨어(블랙박스)가 11년 연속 1위에 선정됐다.
KCC는 수성도료, 유성도료 2개 부문에서 10년 연속 1위에 오르며 올해 한국품질만족지수 명예의 전당에 두 개 부문이 함께 헌정되는 영광을 안았다. KT(초고속인터넷서비스), 경동나비엔(온수매트)는 각 조사부문에서 9년 연속 1위 기업에 올랐다. 또한 KT(IPTV서비스), KCC(석고텍스 천장재), KCC글라스(저방사유리)는 8년 연속 1위를 기록했다. 신일전자(전기히터), KCC(그라스울 단열재), 삼성전자(시스템냉난방기)는 6년 연속 1위로 선정됐다.
현대자동차의 제네시스 G80. 사진 현대자동차
한일시멘트(레디믹스트 콘크리트), 삼성전자(에어컨), KT(이동통신서비스), ZEN한국(가정용식기), 현대자동차(대형승용차, 전기차, 럭셔리세단-E세그먼트), KCC글라스(데코레이션 필름), 팜한농(작물보호제)은 5년 연속 1위의 자리에 당당히 이름을 올렸다. 대동(트랙터), 경동나비엔(환기청정기), 쿠첸(전기밥솥), 현대자동차(대형럭셔리SUV), KCC(창(호)세트)는 4년 연속 1위에 선정되었다.
로보락코라이의 올인원 로봇청소기. 사진 로보락코리아
로보락코리아(올인원 로봇청소기), 벡스인터코퍼레이션(방청유), 컴인워시(자동세차기기(서비스)), 티케이엘리베이터코리아(엘리베이터), KCC신한벽지(친환경벽지)는 3년 연속 1위를 차지했다.
1위의 영광을 처음 안은 기업들도 많았다. 신규 조사 부문에서 경동나비엔(카본매트), 현대건설 디에이치(하이엔드 주거), 삼성전자(올인원 세탁건조기)가 첫 1위의 영예를 안았다. 경동나비엔(가스레인지), 삼성전자(의류건조기, 의류관리기), 현대자동차(럭셔리세단-D, F세그먼트)도 전년의 아쉬움을 털어내고 1위의 주인공이 됐다. 또한 SK렌터카(렌터카)는 9회 수상, 신도리코(사무용복합기) 12회 수상, 포스코이앤씨(아파트)는 15회 1위 수상을 기록했다.
소비자·전문가 7만7600명이 388개 기업 제품 평가
한국품질만족지수(KS-QEI)는 한국표준협회와 한국품질경영학회가 공동으로 개발한 품질 측정 모델이다. 기업의 제품 및 서비스를 이용해 본 경험이 있는 소비자와 전문가를 대상으로 품질의 우수성 및 만족도를 조사하여 발표하는 국내 유일의 품질만족도 종합 지표이다.
한국품질만족지수는 제품과 서비스를 대상으로 하여 성능, 신뢰성, 내구성, 사용성, 안전성 접근성을 평가하는 사용품질과 이미지, 인지성, 신규성을 평가하는 감성품질을 함께 종합적으로 평가한다. 이를 통해 제품, 서비스의 기본 품질뿐만 아니라 고객들이 제품이나 서비스를 사용하면서 느끼는 감성적인 측면을 함께 측정할 수 있는 지수 모델이다.
20년째인 올해 조사는 119개 산업 부문 388개 기업에 대하여 해당 제품(또는 서비스)에 대한 이용 경험이 있는 소비자와 전문가를 대상으로 진행됐다. 지난 6월 말부터 9월 초까지 총 7만7600명이 온라인 조사와 대면 설문조사에 응했다.
장주영 기자 jang.jooyoung@joongang.co.kr",2024-11-23 10:15:31,Economy & Business
상명대 ‘제3회 한일대학생 우정의 만남’ 교류회,https://www.joongang.co.kr/article/25290641,No Date,상명대 ‘제3회 한일대학생 우정의 만남’ 교류회,"한일대학생 우정의 만남 기념촬영 장면.
상명대는 주고베한국총영사관과 함께 지난 6일부터 8일까지 서울캠퍼스 미래백년관에서 ‘2024 제 3회 한일대학생 우정의 만남’ 교류회를 개최했다.
교류회에는 상명대 한일문화콘텐츠 조규헌 학과장, 고베가쿠인대학 오카베 요시히코 교수, 주고베한국총영사관 백준영 실무관 및 양국의 학생들이 참석한 가운데 진행됐다.
주고베한국총영사관 주최로 개최된 이번 행사는 상명대 학생 7명, 일본 대학생 7명이 직접 만나 양국의 관심사에 대해 한국어와 일본어로 토론하는 시간을 가졌다. 일본에서는 고베가쿠인대학, 고베대학, 고베시외국어대학, 고난대학의 학생들이 참여하였다.
토론회에서 상명대 학생 1명이 내가 알고 있는 일본과 일본문화 등에 대해 일본어로 발표하고, 일본 대학생 1명이 내가 알고 있는 한국과 한국문화 등에 대해 한국어로 발표한 후 학생들 간에 의견을 교환했다.
또한, 자유토론 시간에서 학생들은 대학생들이 요즘 제일 관심있어 하는 K-POP, J-POP과 두 나라의 영화, 드라마 등 관심있는 분야에 대해 열띤 토론을 나누었다.
일본 고베가쿠인대학의 오카베 요시히고 교수는 ""앞으로 양국의 미래를 이끌어갈 대학생들간의 교류가 활발히 이루어지고 있다는 것은 아주 고무적이다. 내년 한일 국교정상화 60주년을 맞아 더욱 더 뜻깊은 교류활동이 있기를 바란다.""고 소감을 밝혔다.
한일대학생 우정의 만남은 2022년 상명대에서 개최된 것을 시작으로 매년 한국과 일본을 교대로 방문하며 개최되어 올해 3년째를 맞이하고 있다.
김나혜 인턴기자 kim.nahye@joongang.co.kr",2024-11-23 10:15:40,Education & People-to-People Exchange
[사랑방] 김시형 外,https://www.joongang.co.kr/article/25289780,No Date,[사랑방] 김시형 外,"◆김시형 전 특허청 차장이 5일 한국발명진흥회(회장 황철주) 제12대 상근부회장으로 선임됐다.
◆한전KDN 신임 사장에 4일 박상형 전 한국수력원자력 부사장이 취임했다.
◆충남대는 신소재공학과 윤순길 교수가 한일세미나 온 세라믹스 국제학회 한국 측 회장으로 선출됐다고 5일 밝혔다.
◆비영리 사단법인 ‘사랑의 밥차’(이사장 김옥란)와 전동공구 제조업체 계양전기(대표 임영환)가 지난달 26일 경기도 파주의 발달장애인 거주시설인 ‘교남시냇가’에서 시설보수 봉사활동을 진행했다.
◆배우 변우석이 지난달 세브란스병원에 소아환우 치료를 위해 써달라며 3억원을 기부한 사실이 5일 밝혀졌다.",2024-11-23 10:15:49,Other
"北, 미 대선일에 대남용 미사일 도발…김여정은 한·미·일 공중훈련에 반발",https://www.joongang.co.kr/article/25289628,"업데이트
2024.11.05 19:32","北, 미 대선일에 대남용 미사일 도발…김여정은 한·미·일 공중훈련에 반발","북한이 지난 5월 30일 북한이 평양 순안 일대에서 동해상으로 600㎜ 구경 초대형 방사포를 발사하며 ‘위력시위사격’을 진행하는 모습. 조선중앙통신, 연합뉴스
북한이 미국 대선 직전인 5일 오전에 단거리 탄도미사일(SRBM) 도발에 나섰다. 한·미·일이 전날 실시한 연합 공중훈련에 반발하는 한편 간접적으로는 미 대선 직전에 존재감을 과시하며 새 행정부를 압박하려는 의도란 분석이 나온다.
합동참모본부는 이날 오전 국방부 출입기자단에 배포한 문자메시지 공지를 통해 ""우리 군은 이날 오전 7시 30분쯤 황해북도 사리원 일대에서 동해상으로 발사된 SRBM 수 발을 포착했다""며 ""북한의 미사일은 약 400㎞를 비행했으며, 우리 군은 북한 미사일 발사 시 즉각 포착해 추적 감시 및 미·일 측과 관련 정보를 긴밀하게 공유했고, 세부 제원은 종합적으로 분석 중에 있다""고 밝혔다.
북한의 이날 SRBM 발사는 지난달 31일 미국 본토 전역을 사정권에 둔 신형 대륙간탄도미사일(ICBM) 화성-19형 시험발사 이후 닷새 만이다. 전문가들 사이에선 박빙 판세인 미 대선이 치러지는 날 존재감을 과시하기 위해 미사일 카드를 흔든 것이란 분석이 나온다.
김정은 북한 국무위원장이 지난 5월 한국을 타격권으로 한 600㎜ 초대형 방사포 위력시위사격을 현지지도 하는 모습. 노동신문, 뉴스1
군 당국은 북한이 이날 발사한 SRBM의 거리와 고도 등의 제원으로 미뤄볼 때 KN-25, 즉 600mm급 초대형 방사포에 무게를 두고 분석 중인 것으로 알려졌다. 북한이 전술핵을 탑재할 수 있다고 주장하는 KN-25의 최대 사거리는 400km로 황해북도 사리원 일대에서 발사할 경우 수도권은 물론 육해공군 본부가 있는 계룡대와 주요 군 비행장도 사정권에 들어간다.
특히 군 안팎에선 이날 발사를 놓고 신형 600㎜ 이동식발사차량(TEL)의 추가 시험일 가능성이 거론된다. 북한은 지난 9월 12일 김정은 참관 하에 신형 600㎜ 방사포차 성능 검증을 위한 시험사격을 실시했다고 밝힌 적이 있다. 당시 기존 KN-25의 4연장 차륜형, 6연장 궤도형을 보완한 6연장 차륜형 TEL로 초대형 방사포의 동시 다발 투발 능력과 신속 기동 능력을 보완한 것 아니냐는 평가가 나왔다.
전문가들은 북한이 황북 사리원 일대에서 SRBM을 발사했다는 점에 주목했다. 언제 어디서든 대남 도발에 나설 수 있다는 점을 과시하기 위해 발사 장소를 다변화하고 있다는 이유에서다. 과거 북한의 스커드 미사일 기지가 있었던 것으로 알려진 사리원은 평양에서 남쪽으로 약 70㎞, 서울과는 직선으로 약 150㎞ 떨어져 있다.
익명을 원한 전직 군 관계자는 ""과거 북한의 주력으로 쓰이던 스커드 미사일이 KN계열의 신형 SRBM으로 대체되고 있다는 것을 단적으로 보여주는 사례""라며 ""남측으로 방향만 돌리면 한국 수도권은 물론 수도권 이남의 주요 군사시설까지 타격 할 수 있다는 점을 과시한 것""이라고 말했다.
김여정 북한 노동당 부부장. 연합뉴스
같은 날 김여정 북한 노동당 부부장은 지난 3일 한·미·일 연합 공중훈련을 비난하는 담화를 조선중앙통신을 통해 발표했다. 김여정은 ""미일한(미국·일본·한국)이 우리 국가의 문전에서 연합 공중 훈련을 벌였다""며 ""우리의 최신형 전략무기시험에 대한 '대응', '경고'라는 명목 하에 미 전략폭격기 'B-1B'를 위시한 다종의 3국 전투기들이 투입됐다""고 했다. 이어 ""이는 우리의 핵무력 강화 노선의 정당성, 절박성을 입증해 주는 또 하나의 완벽한 증명 사례""라고 주장했다.
앞서 한·미·일은 지난달 31일 북한의 신형 ICBM '화성-19형' 발사에 대응해 3자 공중 훈련을 실시했다. 미국의 전략폭격기 B-1B가 전개한 가운데한국 공군의 F-15K·KF-16 전투기와 미국 공군의 F-16 전투기, 일본 항공자위대의 F-2 전투기가 참여해 가상의 표적을 제거하는 훈련이었다.
이와 관련 김여정은 ""적수들의 군사적 광기가 가증될수록 우리 노선의 당위성과 절박성은 더욱 부각될 것이며 그 실행의 동력과 강도 또한 정비례할 것""이라며 ""자위적 핵 억제력 강화 노선은 현 정세 속에서 유일무이하고 가장 정확한 선택이며 그 길에서 추호의 흔들림도 없을 것""이라고 주장했다. 북한은 한·미·일 연합 공중훈련에 반발하는 차원에서 한국 내 오산·군산 등 주요 주한미군 공군기지를 목표로 이날 무력시위를 벌였을 수 있다.
한·미·일 연합 공중훈련이 3일 제주 동방 한일 방공식별구역(ADIZ) 중첩 상공에서 실시되는 모습. 연합뉴스
홍민 통일연구원 선임연구위원은 ""'위협 대 위협' 대응 구도를 선명하게 각인함으로써 트럼프 당선시 한반도 긴장 고조 상황을 부각하는 것일 수 있다""며 ""미 새 행정부를 상대로 바이든 정부와 다른 대북 접근법을 유도하려는 의도""라고 평가했다.
군 당국은 즉시 규탄 입장을 냈다. 남기수 합참 공보부실장은 이날 “최근 ICBM 발사에 이어,오늘도 단거리탄도미사일 수 발을 발사하는 등 불법적인 도발을 지속적으로 획책하고 있다”며 “우리는 이를 결코 좌시하지 않을 것이며, 이후의 모든 결과에 대한 책임은 북한에게 있음을 다시 한 번 경고한다”고 말했다.
이런 상황에서 김정은 국무위원장은 전날 지난 7월 말 대규모 수해가 발생한 평안북도 지역을 세 번째로 방문해 ""피해 복구 전투를 12월 당 전원회의를 맞으며 최상의 수준에서 완공""하라며 복구 일정 준수를 강조했다.
김정은은 이 자리에서 수해 당시 상황을 떠올리며 ""항상 마음이 무거웠다""며 ""이제는 억척의 제방들이 솟아나고 안전지대에 독특한 형식을 자랑하며 경쟁적으로 일떠서고 있는 여러 유형의 도시형 농촌 살림집들을 보고 나니 감개함을 금할 수 없다""고 만족감을 표시했다.
노동신문은 5일 김정은 국무위원장이 전날인 4일 평안북도 수해복구 건설 현장을 찾아 '12월 당 전원회의 전까지 최상 수준의 완공'을 이룰 것을 지시했다고 전했다. 뉴스1
김정은의 이런 행보는 주민들을 직접 찾아 문제를 해결하는 애민지도자 이미지 부각하려는 의도로 풀이된다. 국제사회의 전방위 제재와 경제난으로 인해 수해 복구가 더딘 상황과 북한군 러시아 파병으로 인해 혹시 발생할 수 있는 민심 이반을 우려한 측면도 있을 것이란 게 전문가들의 대체적인 분석이다.
한편 블라디미르 푸틴 러시아 대통령이 4일(현지시간) 모스크바에 방문 중인 최선희 북한 외무상과 짧은 만남을 가졌다. 앞서 페스코프 크램린궁 대변인은 지난달 29일 푸틴 대통령이 최 외무상과 만날 계획이 없다고 밝혔다. 휴일인 이날 깜짝 예방을 받은 건 최근 북한의 파병과 관련한 푸틴 대통령의 '특별 대우'로 풀이된다.
정영교·이유정·이근평 기자 chung.yeonggyo@joongang.co.kr",2024-11-23 10:15:58,Security & Diplomacy
"김여정, 한미일 공중훈련에 ""침략적 본태, 핵 무력 강화 정당성 입증""",https://www.joongang.co.kr/article/25289567,"업데이트
2024.11.05 09:53","김여정, 한미일 공중훈련에 ""침략적 본태, 핵 무력 강화 정당성 입증""","한미일 3국이 3일 한반도 인근에서 공중훈련을 실시하고 있다. 이번 훈련은 지난 31일 북한의 ICBM 발사에 대응하는 차원에서 실시됐다. 미국의 전략폭격기 전개와 연계해 한국 공군의 F-15K·KF-16 전투기와 미국 공군의 F-16 전투기 그리고 일본 항공자위대의 F-2 전투기가 참가했다. 뉴스1
김정은 북한 국무위원장의 동생인 김여정 노동당 부부장은 최근 한반도 상공에서 실시된 한미일 연합 공중훈련을 비난하며 핵 무력 강화 노선의 정당성을 강조했다.
김 부부장은 이날 조선중앙통신을 통해 발표한 담화를 발표하고, 지난 3일 실시된 한미일 연합 공중훈련에 ""적들의 가장 적대적이며 위험한 침략적 본태""라며 반발했다.
김 부부장은 연합 훈련 확대와 빈번해진 미국의 전략 자산의 한반도 전개를 언급하며 ""위험한 군사연습들의 폭발적 증가는 우리 국가는 물론 지역의 평화와 안전에 대한 엄중한 위협""이라고 주장했다.
그러면서 ""우리가 선택 실행하는 핵 무력 강화 노선의 정당성·절박성을 입증해주는 또 하나의 완벽한 증명 사례""라면서 핵 무력 강화 노선을 고수하겠다고 밝혔다. 그는 핵무력 강화에 대해 ""현 정세 속에서 유일무이하고 가장 정확한 선택""이라고 강조했다.
이어 ""적수들의 군사적 광기가 가증될수록 우리 노선의 당위성과 절박성은 더욱 부각될 것""이라며 ""그 실행의 동력과 강도 또한 정비례할 것""이라고 위협했다.
앞서 한미일은 지난 3일 미 전략폭격기 'B-1B'가 참가한 가운데 제주 동방 한일 방공식별구역 중첩 상공에서 연합 공중훈련을 했다.
올해 들어 미 전략폭격기의 한반도 전개는 4번째였다. 한미일 연합 공중 훈련은 올해 두 차례 이뤄졌다.
이 훈련은 북한의 최근 신형 대륙간탄도미사일(ICBM) '화성-19형' 시험발사에 대응해 대북 경고 차원에서 실시됐다.
이해준 기자 lee.hayjune@joongang.co.kr",2024-11-23 10:16:06,Security & Diplomacy
